amount,hour,distance_km,device_score,international,merchant_risk,is_fraud
2300.47,8,8.26,0.633,1,0.086,0
3263.42,14,16.22,0.986,0,0.369,0
4528.52,23,0.5,0.863,0,0.31,0
1111.8,5,9.95,0.844,0,0.271,0
2453.61,1,8.5,0.858,0,0.227,0
1053.78,17,11.8,0.812,0,0.406,0
1103.63,14,0,0.807,0,0.114,0
798.52,5,0.74,0.724,0,0.237,0
10782.31,15,42.25,0.906,0,0.209,1
1638.2,8,12.21,0.653,0,0.273,0
1133.97,0,0,0.644,0,0.24,0
2268.02,15,2.28,0.95,0,0.226,0
1397.85,3,8.08,0.851,0,0.247,0
591.46,6,17.74,0.883,0,0.144,0
1749.9,6,27.36,0.949,0,0.118,0
4375.57,19,4.14,0.867,0,0.324,0
2029.64,17,10.7,0.95,0,0.24,0
2040.65,19,19.46,0.606,0,0.361,0
556.66,4,0.39,0.847,1,0.547,0
901.14,9,0,0.808,0,0.129,0
4686.77,5,35.07,0.615,0,0.648,1
351.62,7,3.92,0.758,1,0.445,0
1336.29,8,24.68,0.754,0,0.375,0
8754.84,23,42.64,0.944,0,0.32,0
2020.39,21,29.0,0.914,1,0.175,0
1586.6,15,0,0.738,0,0.558,0
335.03,4,19.11,0.937,0,0.151,0
3023.24,13,9.72,0.604,0,0.115,0
3948.52,23,20.32,0.712,0,0.19,0
2904.75,10,0,0.891,0,0.265,0
9560.16,22,38.7,0.831,0,0.216,0
844.06,12,11.79,0.784,0,0.303,0
563.71,1,7.15,0.566,0,0.102,0
121.38,19,21.33,0.591,0,0.526,0
551.64,21,20.19,0.882,0,0.284,0
2124.96,2,0.05,0.565,1,0.52,0
230.23,17,10.59,0.892,0,0.138,0
1033.32,10,0,0.511,0,0.751,1
3765.99,7,0.12,0.928,0,0.205,0
3381.25,22,0,0.87,0,0.361,0
707.2,16,0,0.884,0,0.05,0
885.2,10,0,0.909,1,0.162,0
5698.13,19,10.78,0.537,0,0.273,0
418.06,5,26.03,0.87,0,0.335,0
689.44,8,12.95,0.834,0,0.107,0
1189.63,22,0,0.831,0,0.264,0
431.7,18,5.38,0.803,0,0.365,0
1650.09,10,6.4,0.865,0,0.368,0
1282.9,0,0,0.815,0,0.328,0
1058.0,17,0,0.686,1,0.167,0
1700.47,14,0,0.914,0,0.304,0
2187.73,14,3.33,0.905,0,0.173,0
1306.58,14,34.69,0.962,0,0.547,0
6331.37,20,27.32,0.953,0,0.222,0
1020.97,4,8.56,0.914,0,0.358,0
1461.71,14,23.45,0.944,0,0.352,0
778.16,15,19.52,0.98,0,0.261,0
3493.86,6,17.13,0.699,0,0.307,0
2997.69,2,19.25,0.6,0,0.408,0
5614.4,10,0.82,0.957,0,0.413,0
563.76,8,0,0.778,0,0.287,0
4493.81,2,4.24,0.714,1,0.19,0
3746.65,18,7.58,0.765,0,0.058,0
56290.58,11,0,0.777,0,0.104,0
3976.83,7,3.98,0.835,1,0.05,0
2146.28,15,15.46,0.726,0,0.196,0
2320.07,15,17.08,0.69,0,0.11,0
1083.63,9,0,0.922,0,0.295,0
889.77,14,0,0.839,0,0.454,0
1400.22,1,22.42,0.853,0,0.241,0
2347.78,18,0,0.831,1,0.203,0
3422.14,17,7.6,0.755,0,0.209,0
775.26,10,15.12,0.695,0,0.099,0
661.78,11,18.83,0.678,0,0.057,0
1013.7,8,6.14,0.913,0,0.359,0
1469.99,2,15.35,0.831,0,0.183,0
616.75,16,34.7,0.775,0,0.595,0
929.22,20,22.39,0.563,0,0.198,0
1025.09,15,0,0.724,0,0.153,0
2685.98,14,12.53,0.899,0,0.431,0
2420.38,9,0,0.76,0,0.397,0
2214.79,2,24.82,0.846,0,0.269,0
9914.92,23,41.1,0.646,0,0.194,0
2059.41,19,7.41,0.842,0,0.213,0
415.0,14,9.11,0.832,0,0.41,0
1707.16,3,19.03,0.933,0,0.141,0
6359.4,12,0,0.336,0,0.076,0
3411.86,0,7.86,0.745,0,0.096,0
5712.1,17,25.96,0.75,0,0.42,0
1970.97,16,9.86,0.799,0,0.379,0
3294.49,1,0,0.725,0,0.11,0
155.22,1,18.92,0.782,0,0.076,1
2599.66,11,0,0.828,0,0.29,0
828.26,3,13.85,0.74,0,0.642,0
240.89,11,0,0.45,0,0.097,0
1570.22,14,5.95,0.819,0,0.131,0
2077.38,8,5.03,0.92,0,0.294,0
4850.55,17,0,0.572,0,0.354,0
572.57,17,29.36,0.495,0,0.382,0
1594.15,4,30.68,0.813,0,0.468,1
769.86,22,13.59,0.937,0,0.163,0
2620.5,5,43.98,0.767,0,0.059,0
1210.95,15,22.44,0.887,0,0.385,0
1306.87,22,0,0.804,0,0.377,0
955.84,16,0,0.818,0,0.399,0
2724.15,0,14.38,0.637,0,0.209,0
411.47,17,0,0.664,0,0.53,0
1656.72,19,52.31,0.541,0,0.273,1
1300.35,13,0,0.973,0,0.43,0
392.24,19,0,0.806,0,0.282,0
2584.99,23,4.68,0.827,0,0.253,0
3654.33,15,0,0.673,0,0.276,0
3615.77,3,0,0.61,0,0.239,0
4417.06,7,0,0.583,0,0.237,0
2366.42,23,10.44,0.973,0,0.335,0
5436.63,14,4.66,0.888,0,0.373,0
2906.25,5,0,0.826,1,0.299,0
2132.07,11,0,0.933,0,0.232,0
4955.22,19,14.86,0.676,0,0.378,0
5087.43,16,45.05,0.793,0,0.419,0
786.04,18,0,0.907,0,0.375,0
504.99,22,10.25,0.673,0,0.28,0
918.86,21,13.65,0.446,0,0.289,0
1661.69,6,2.32,0.961,0,0.41,0
3590.0,7,0,0.805,0,0.186,0
3259.87,5,1.79,0.803,0,0.438,0
759.42,15,8.61,0.805,0,0.28,0
1117.95,6,18.7,0.55,1,0.416,0
4903.2,0,10.31,0.71,0,0.492,0
1526.48,9,17.46,0.725,0,0.295,0
791.42,18,0,0.743,0,0.452,0
2900.76,5,0.56,0.93,0,0.527,0
741.37,1,0,0.804,0,0.041,1
9354.88,5,0,0.842,0,0.263,0
406.29,2,0,0.865,1,0.206,0
413.37,1,0,0.61,0,0.157,0
817.16,18,15.55,0.827,1,0.301,0
823.01,0,0,0.821,0,0.21,0
1129.7,2,15.55,0.711,1,0.023,1
680.29,17,12.28,0.931,0,0.784,0
4321.12,7,0,0.833,1,0.26,0
564.62,19,4.0,0.836,0,0.217,0
3218.37,15,0,0.787,0,0.098,0
11207.86,14,43.66,0.958,0,0.445,1
1456.61,14,25.11,0.739,0,0.271,0
2343.53,20,7.0,0.693,0,0.028,0
2272.02,12,0,0.878,1,0.553,0
1902.88,3,13.2,0.835,0,0.091,0
925.72,17,0,0.923,0,0.437,1
913.75,22,15.45,0.817,0,0.175,0
2858.07,11,0,0.504,0,0.471,0
658.16,19,21.31,0.832,0,0.344,0
1008.42,1,32.52,0.819,0,0.194,0
3118.73,7,0,0.715,0,0.408,0
496.69,1,9.02,0.576,0,0.326,0
3542.97,23,0,0.697,0,0.179,0
797.35,10,20.37,0.786,0,0.134,0
4408.47,4,6.36,0.51,0,0.353,0
12184.09,2,0,0.83,0,0.718,0
17214.48,17,22.31,0.56,0,0.306,0
120.16,8,19.81,0.557,0,0.436,0
1056.11,18,15.85,0.974,0,0.137,0
122.12,4,0,0.838,0,0.163,0
1586.47,3,26.47,0.544,0,0.33,0
497.7,6,7.83,0.839,0,0.444,0
868.98,15,0,0.928,0,0.378,0
2119.46,8,13.27,0.948,0,0.392,0
5000.14,7,11.05,0.67,0,0.589,0
2159.01,23,7.16,0.848,0,0.505,0
14344.03,3,22.44,0.937,0,0.4,0
5163.9,23,2.03,0.799,0,0.248,0
490.41,14,0,0.903,0,0.16,0
4337.41,7,28.37,0.476,1,0.242,0
52.02,4,36.24,0.521,0,0.58,0
332.9,13,3.85,0.753,0,0.217,0
1252.26,11,1.23,0.898,0,0.739,0
708.19,11,4.22,0.872,0,0.491,0
3345.27,6,10.88,0.798,0,0.292,0
1330.98,14,40.36,0.766,0,0.281,0
3000.75,20,18.66,0.71,0,0.066,0
1058.81,15,0,0.958,1,0.528,0
828.15,7,24.09,0.497,0,0.635,0
10456.32,18,35.07,0.826,1,0.223,1
4950.03,10,0,0.976,0,0.308,0
6309.97,3,1.15,0.771,0,0.284,0
4287.11,23,19.33,0.711,0,0.213,0
597.9,15,23.74,0.865,1,0.252,0
1135.27,8,27.18,0.966,0,0.157,0
3132.01,7,11.06,0.897,1,0.103,0
322.5,19,13.01,0.881,0,0.303,0
6265.62,17,6.83,0.682,0,0.278,0
810.91,2,20.14,0.617,0,0.205,0
1564.31,8,0.1,0.746,0,0.657,0
10378.67,7,4.63,0.772,0,0.544,0
3298.2,13,28.04,0.868,0,0.607,0
6433.64,0,18.75,0.827,0,0.091,0
2028.71,9,28.79,0.816,0,0.376,0
2538.47,15,0,0.985,0,0.15,0
1027.84,8,5.28,0.656,0,0.16,0
4950.01,18,0,0.912,0,0.283,0
1050.06,5,24.5,0.572,0,0.233,0
3261.33,4,3.82,0.985,0,0.17,0
1272.27,14,2.15,0.986,0,0.478,0
1717.01,8,25.22,0.882,0,0.141,0
6584.23,21,4.51,0.678,0,0.474,0
2830.3,21,15.46,0.882,0,0.145,0
13085.71,7,0,0.807,0,0.279,0
6512.99,10,27.54,0.899,0,0.587,0
585.73,13,0,0.873,1,0.297,0
441.22,11,30.19,0.736,1,0.068,0
1251.65,4,0,0.789,0,0.106,0
2353.88,20,34.96,0.935,0,0.427,0
255.51,20,23.65,0.588,0,0.255,0
6371.82,13,8.92,0.735,0,0.26,0
426.4,23,2.62,0.958,0,0.547,0
2621.99,14,0,0.871,0,0.217,0
3985.97,4,6.27,0.587,0,0.493,0
1534.58,8,3.08,0.762,0,0.263,0
1641.49,20,0,0.951,0,0.523,0
667.23,20,26.98,0.927,0,0.118,0
449.79,1,7.74,0.583,0,0.323,0
2361.19,15,7.9,0.835,0,0.01,0
1412.98,5,0,0.897,0,0.426,0
1506.49,16,9.33,0.661,0,0.405,0
635.78,19,0,0.825,0,0.297,0
8470.25,16,0,0.491,0,0.316,0
1839.76,10,1.75,0.711,0,0.436,0
3322.21,17,0,0.827,0,0.518,0
3696.61,21,22.07,0.67,1,0.283,0
497.63,22,12.28,0.788,0,0.212,0
1245.02,17,7.21,0.955,0,0.317,0
1975.07,22,16.85,0.87,0,0.414,0
1146.35,6,27.81,0.642,1,0.186,0
663.11,3,1.61,0.84,0,0.243,0
608.12,3,26.62,0.944,0,0.08,0
2969.19,14,40.59,0.764,0,0.316,0
1101.6,9,10.92,0.678,0,0.411,0
12876.85,4,0,0.66,1,0.07,1
262.92,23,0,0.915,0,0.1,0
1553.06,9,20.86,0.906,0,0.297,0
647.32,10,0,0.841,0,0.174,0
1629.7,9,0,0.709,0,0.612,0
9168.98,18,0,0.816,0,0.401,0
3651.82,16,0,0.779,0,0.61,0
3940.81,11,32.58,0.833,0,0.279,0
2391.48,16,14.38,0.689,0,0.21,0
808.73,11,0,0.919,1,0.479,0
768.79,10,9.42,0.827,0,0.104,0
2052.6,8,23.98,0.694,0,0.597,0
1728.93,13,0,0.728,0,0.196,0
775.64,16,0,0.729,0,0.006,0
15096.78,13,0,0.538,0,0.358,0
1710.34,2,1.63,0.654,0,0.428,0
2550.23,17,38.03,0.849,0,0.251,0
978.79,11,10.29,0.87,0,0.204,0
511.63,20,0,0.713,0,0.207,0
39180.81,5,0,0.943,0,0.374,1
3779.11,12,0,0.972,0,0.293,0
3623.26,6,0,0.778,1,0.282,0
1537.52,15,12.28,0.843,1,0.3,0
9059.26,0,4.43,0.592,0,0.202,0
238.33,7,0,0.91,0,0.518,0
3720.2,17,36.11,0.463,0,0.134,0
2944.96,16,0.4,0.824,0,0.399,0
550.73,10,0,0.806,0,0.159,0
1319.57,18,30.8,0.807,0,0.193,0
593.99,20,0,0.813,0,0.44,0
1046.3,8,5.45,0.807,0,0.312,0
975.17,23,2.27,0.74,0,0.393,0
4493.42,12,9.98,0.685,0,0.614,0
1960.36,12,0,0.884,0,0.177,0
99.18,15,0.51,0.908,0,0.256,0
3010.65,11,0,0.693,1,0.439,0
3393.31,15,9.24,0.556,0,0.186,0
5100.69,12,9.12,0.644,0,0.178,0
527.56,14,13.99,0.936,0,0.077,0
551.26,10,0,0.935,0,0.174,0
899.87,0,20.65,0.793,0,0.262,0
2830.02,10,21.15,0.936,0,0.186,0
1604.98,8,28.33,0.881,0,0.528,0
1799.21,10,54.34,0.741,0,0.082,0
330.47,11,0,0.967,0,0.288,0
1194.92,19,24.39,0.737,0,0.007,0
361.17,21,0,0.8,0,0.235,0
2679.22,15,0,0.67,0,0.146,0
833.11,19,4.23,0.921,0,0.532,0
2338.78,23,0,0.762,0,0.097,0
2081.63,11,0,0.888,0,0.197,0
3467.35,14,0,0.786,0,0.272,0
10673.64,8,12.89,0.933,0,0.243,0
2383.08,6,5.63,0.674,0,0.181,0
3671.13,13,0,0.689,1,0.52,0
537.77,7,20.83,0.948,0,0.131,0
914.44,13,26.42,0.935,0,0.329,0
1471.84,10,0,0.875,0,0.292,0
562.53,4,26.15,0.986,1,0.357,0
1899.57,15,0,0.855,0,0.255,0
601.3,2,0,0.529,0,0.032,0
167.21,17,16.5,0.972,0,0.379,0
880.35,12,13.25,0.847,0,0.441,0
5133.52,17,22.75,0.894,0,0.608,0
3332.44,5,24.06,0.815,0,0.471,0
5009.13,6,15.51,0.897,0,0.196,0
1818.25,22,13.96,0.844,0,0.134,0
1371.34,22,0.48,0.94,0,0.151,0
1920.11,1,22.79,0.959,0,0.188,0
1508.68,2,6.74,0.755,0,0.24,0
1622.74,22,0.76,0.914,1,0.594,0
491.76,1,11.79,0.911,0,0.469,0
2301.63,4,0,0.604,0,0.169,0
645.83,6,16.1,0.601,0,0.396,0
3845.48,22,10.57,0.793,0,0.161,0
17501.45,17,23.53,0.753,0,0.144,0
4205.54,22,14.71,0.809,0,0.206,0
1772.0,19,9.35,0.719,0,0.171,0
3505.56,20,20.35,0.526,0,0.313,0
783.96,10,23.13,0.908,0,0.552,0
366.94,18,0,0.808,0,0.521,0
7134.55,18,0.39,0.761,0,0.118,0
738.5,1,2.04,0.849,0,0.148,0
3125.31,3,23.49,0.711,0,0.271,0
354.77,21,0,0.912,0,0.254,0
2017.26,17,0.26,0.784,1,0.36,0
2520.67,1,18.61,0.524,0,0.436,1
18400.19,2,32.84,0.591,0,0.211,1
17994.6,12,3.85,0.777,0,0.436,0
1014.43,18,12.87,0.89,0,0.327,0
6733.92,10,13.02,0.739,0,0.316,0
16686.93,3,0,0.901,1,0.073,0
2434.9,4,0,0.945,0,0.331,0
7219.66,9,38.72,0.777,0,0.662,0
2719.64,22,0,0.734,0,0.069,0
1728.55,4,26.54,0.598,0,0.134,0
460.53,18,18.91,0.674,0,0.584,0
65806.65,2,23.25,0.84,1,0.238,1
559.36,0,26.94,0.784,0,0.094,0
2022.29,15,0,0.813,1,0.428,0
2776.02,5,0,0.731,0,0.332,0
609.06,12,9.22,0.695,0,0.173,0
1969.43,22,24.11,0.742,0,0.533,0
412.34,11,23.35,0.91,1,0.278,0
2174.61,10,3.66,0.841,0,0.288,0
276.59,6,28.36,0.755,0,0.403,0
4903.26,13,1.45,0.686,0,0.211,0
3457.52,2,0,0.801,0,0.081,0
325.81,8,9.79,0.819,0,0.407,0
838.42,22,15.13,0.841,0,0.541,0
475.13,9,0,0.963,0,0.351,0
4256.68,4,11.32,0.687,0,0.784,0
3406.08,6,8.76,0.851,0,0.211,0
2677.71,5,0,0.949,1,0.551,0
16225.28,12,0,0.705,0,0.434,0
628.4,22,1.84,0.883,0,0.606,0
2253.04,22,14.57,0.765,0,0.554,0
3785.38,0,0,0.813,0,0.119,0
1790.89,1,4.53,0.773,0,0.584,1
794.42,18,3.41,0.675,1,0.463,0
1409.91,4,16.87,0.856,0,0.197,1
2120.25,3,17.91,0.513,0,0.081,0
4718.94,8,0,0.559,0,0.046,0
694.21,22,15.13,0.97,0,0.099,0
582.36,18,0,0.608,0,0.564,0
445.5,8,1.38,0.709,0,0.072,0
4259.25,17,0,0.936,0,0.429,0
1274.94,21,3.56,0.751,0,0.34,0
563.19,5,10.34,0.901,0,0.278,0
10428.08,4,0,0.51,0,0.179,0
3298.22,17,10.56,0.907,0,0.373,0
2992.69,5,20.27,0.869,0,0.339,0
1120.72,5,0,0.968,0,0.124,0
11953.51,14,4.13,0.69,1,0.391,0
596.57,8,14.21,0.466,0,0.278,0
969.53,13,0,0.913,0,0.174,0
1295.67,10,18.59,0.675,0,0.238,0
1142.42,1,13.62,0.678,0,0.11,0
2684.17,5,0,0.869,0,0.405,0
1573.58,3,0,0.808,0,0.059,0
668.91,2,25.43,0.894,0,0.208,0
4995.72,3,0,0.786,0,0.101,0
14198.58,22,5.0,0.84,0,0.133,0
3578.92,22,0,0.556,0,0.171,0
363.2,13,31.33,0.962,0,0.056,0
781.82,2,23.16,0.792,0,0.555,0
2142.29,9,27.68,0.981,0,0.382,0
1376.72,13,40.9,0.855,0,0.367,0
2311.99,14,36.22,0.47,0,0.025,0
2538.56,12,0,0.605,0,0.587,0
282.98,20,19.72,0.921,0,0.217,0
2349.87,9,3.14,0.468,0,0.455,0
9722.0,1,3.32,0.931,0,0.588,0
803.69,18,0,0.821,0,0.275,0
4373.28,23,0,0.741,0,0.105,0
21084.18,3,6.43,0.64,0,0.214,1
2829.75,16,10.55,0.93,0,0.203,0
7240.42,2,4.03,0.769,0,0.143,0
2707.89,13,0,0.778,0,0.021,0
737.06,17,18.63,0.936,0,0.298,0
12360.48,13,0,0.873,0,0.401,0
101.03,13,5.51,0.802,0,0.375,0
6685.8,13,4.71,0.71,0,0.478,0
4864.43,15,16.28,0.753,0,0.454,0
7583.86,8,0.66,0.923,0,0.12,0
1296.7,20,28.02,0.831,0,0.358,0
215.86,12,3.76,0.92,0,0.297,0
8119.71,1,7.08,0.733,0,0.409,0
498.21,23,14.06,0.854,1,0.39,0
4541.74,20,10.4,0.871,0,0.115,0
1504.55,12,0,0.94,0,0.21,0
2726.86,12,0,0.844,1,0.153,0
994.65,8,0,0.891,0,0.41,0
618.13,7,0,0.908,0,0.319,0
1237.45,11,24.64,0.808,0,0.324,0
713.79,16,0,0.738,0,0.145,0
1577.5,23,12.77,0.598,1,0.304,0
772.48,15,0.93,0.867,0,0.38,0
755.87,3,9.92,0.847,0,0.073,0
5661.03,23,40.68,0.909,0,0.488,1
3899.65,0,7.96,0.723,0,0.196,0
271.63,11,0,0.842,0,0.503,0
1085.15,7,6.62,0.745,0,0.114,0
1141.18,13,6.68,0.878,0,0.324,0
2523.49,5,12.5,0.833,0,0.307,0
1051.33,19,6.69,0.806,0,0.227,0
294.46,19,30.4,0.653,0,0.131,0
3329.12,9,9.05,0.785,1,0.322,0
1310.15,22,0,0.766,0,0.186,0
4091.42,1,0,0.75,0,0.5,0
1269.89,7,5.22,0.694,0,0.438,0
1142.78,5,0,0.935,0,0.15,1
4973.46,5,0,0.693,0,0.101,0
14983.19,17,7.06,0.744,0,0.414,0
10113.63,11,16.54,0.716,0,0.123,0
1505.3,0,8.8,0.92,0,0.338,0
171.26,13,35.29,0.815,0,0.44,0
857.76,13,31.45,0.755,0,0.323,0
488.28,11,17.53,0.689,0,0.264,0
4050.85,6,12.61,0.68,0,0.302,0
2284.49,17,3.72,0.656,0,0.266,0
719.51,23,21.64,0.676,0,0.469,0
6378.7,4,8.45,0.896,0,0.215,0
1554.81,16,0,0.803,0,0.312,0
1835.01,14,19.01,0.815,0,0.227,0
933.55,4,20.55,0.391,0,0.238,0
1546.49,19,23.6,0.601,0,0.241,0
258.86,10,0,0.815,0,0.261,0
2041.88,19,0,0.66,1,0.478,0
2089.41,17,0,0.928,0,0.311,0
1135.58,9,0,0.795,0,0.042,0
594.15,7,0,0.937,0,0.364,0
677.36,4,9.11,0.917,0,0.205,0
1668.28,21,0,0.799,0,0.348,0
2059.08,13,17.55,0.52,0,0.291,0
1221.6,19,0,0.647,0,0.139,0
1616.87,12,37.27,0.929,0,0.037,0
5548.45,2,16.5,0.972,0,0.107,0
6280.95,19,0,0.873,0,0.405,0
3656.96,8,0,0.93,0,0.35,0
4386.44,10,0,0.911,0,0.384,0
911.08,1,15.9,0.667,1,0.295,0
2514.7,3,0,0.877,1,0.399,1
680.86,19,0,0.892,0,0.215,0
2545.0,8,0,0.691,0,0.057,0
1001.61,17,9.35,0.696,1,0.182,0
3784.89,21,0,0.786,0,0.382,0
1649.67,20,9.83,0.691,0,0.546,0
709.81,6,18.7,0.85,0,0.249,0
1046.81,5,26.17,0.616,1,0.141,0
3365.78,12,0,0.838,0,0.584,0
1168.68,16,38.64,0.721,1,0.251,0
1644.43,11,1.83,0.749,0,0.459,0
1401.56,11,7.82,0.82,1,0.305,0
1789.59,0,14.31,0.619,1,0.464,0
828.56,9,7.23,0.586,0,0.231,0
332.39,6,0,0.616,0,0.322,0
2766.0,14,10.24,0.772,0,0.469,0
7727.45,9,5.04,0.575,0,0.32,0
782.74,17,0,0.674,0,0.266,0
1406.75,9,19.14,0.955,0,0.126,0
809.4,13,17.18,0.778,0,0.178,0
910.6,15,0,0.649,0,0.211,0
3429.71,7,16.91,0.689,1,0.301,0
949.94,3,26.8,0.746,0,0.486,0
806.74,6,6.24,0.751,0,0.115,0
681.72,17,9.33,0.892,0,0.394,0
2922.48,21,1.3,0.604,0,0.39,0
1273.66,21,0,0.858,0,0.345,0
6168.7,13,15.55,0.789,0,0.182,0
696.23,9,15.16,0.693,0,0.214,0
838.78,22,0,0.727,0,0.332,0
12447.3,9,34.67,0.829,0,0.321,0
819.38,4,4.21,0.903,0,0.314,0
1333.86,14,29.21,0.805,1,0.109,0
1840.41,14,0,0.829,0,0.485,0
9672.95,15,30.22,0.3,0,0.265,0
1584.71,19,0,0.611,0,0.27,0
11717.62,11,9.62,0.691,0,0.422,0
848.63,21,14.8,0.908,1,0.335,0
662.0,22,17.04,0.655,0,0.19,0
3712.87,4,6.77,0.828,0,0.309,0
966.87,15,18.21,0.721,0,0.052,0
1183.51,19,24.51,0.93,0,0.15,0
166.49,12,21.52,0.668,0,0.244,0
2838.87,1,38.11,0.699,1,0.157,0
6657.79,21,3.29,0.961,1,0.287,0
296.1,15,37.49,0.916,0,0.188,0
3730.81,21,5.56,0.754,0,0.272,0
1363.48,23,7.18,0.568,0,0.395,0
3464.42,20,25.04,0.853,0,0.23,0
10622.14,4,30.51,0.38,0,0.156,1
818.31,17,0,0.922,0,0.116,0
968.24,22,44.35,0.643,0,0.274,0
14777.67,22,43.65,0.694,0,0.466,0
1678.37,12,0,0.86,0,0.107,0
3492.43,5,19.62,0.799,0,0.271,0
1124.0,1,21.37,0.888,0,0.142,0
11756.67,21,20.14,0.59,0,0.528,0
3249.29,0,0,0.927,0,0.237,0
2005.71,22,0,0.521,0,0.236,0
4138.31,19,7.48,0.954,0,0.165,0
2582.49,1,6.54,0.85,0,0.341,0
1032.83,9,14.46,0.627,0,0.321,0
460.2,21,0,0.748,0,0.123,0
1529.63,13,0,0.705,0,0.11,0
3639.49,3,34.67,0.802,0,0.177,0
2124.73,9,0,0.701,0,0.44,0
599.2,22,1.47,0.825,0,0.507,0
420.88,2,4.03,0.681,0,0.022,0
1778.6,21,3.51,0.886,0,0.359,0
2036.41,19,0,0.908,0,0.111,0
11170.91,3,10.89,0.667,0,0.634,0
1633.71,3,39.51,0.891,1,0.442,1
2547.21,12,9.02,0.844,0,0.15,0
1175.67,13,6.77,0.699,0,0.173,0
1876.67,12,0,0.685,1,0.196,0
734.19,22,8.46,0.507,0,0.129,0
1294.52,2,35.8,0.847,0,0.325,1
629.18,11,5.3,0.831,0,0.212,0
7065.47,4,0,0.8,0,0.315,0
372.5,20,12.04,0.843,0,0.451,0
6946.38,11,0,0.787,1,0.248,0
2651.67,1,13.11,0.83,1,0.241,0
2435.57,0,6.54,0.871,0,0.156,0
646.95,1,0,0.852,0,0.411,0
1128.13,19,0,0.795,0,0.297,0
590.99,19,0,0.671,0,0.098,0
768.11,5,0,0.818,0,0.106,0
963.24,13,8.98,0.611,0,0.028,0
1123.76,4,40.84,0.68,1,0.065,1
1715.9,17,0.49,0.876,0,0.214,0
326.27,3,0,0.876,0,0.103,0
1497.37,5,4.33,0.936,0,0.02,0
917.84,15,0.27,0.9,0,0.445,0
2909.84,4,15.03,0.721,0,0.303,0
2838.69,0,0,0.769,0,0.127,0
571.9,17,40.63,0.929,0,0.687,0
5014.19,2,2.16,0.9,0,0.592,0
1496.95,14,12.53,0.59,1,0.345,0
7624.15,22,0,0.815,0,0.268,0
2188.34,22,0,0.913,0,0.287,0
582.64,17,10.56,0.963,0,0.21,0
1748.23,2,9.84,0.79,0,0.345,0
2853.48,4,7.32,0.568,1,0.259,0
1000.68,21,0,0.681,0,0.506,0
1410.78,19,0,0.772,1,0.044,0
6962.74,14,0,0.754,0,0.456,0
2429.65,3,40.21,0.787,0,0.227,1
1372.98,21,47.83,0.497,0,0.096,0
12526.97,11,18.94,0.93,0,0.188,0
3491.55,8,0,0.921,0,0.527,0
1179.87,22,13.3,0.875,0,0.078,0
1681.9,5,23.7,0.734,0,0.139,0
14541.08,23,4.55,0.864,0,0.307,0
9618.83,20,14.67,0.748,0,0.099,0
1849.36,22,6.7,0.81,0,0.297,0
1106.4,5,0,0.866,0,0.09,0
523.32,18,4.1,0.717,1,0.579,0
12918.03,23,0,0.899,0,0.828,0
2041.15,10,29.64,0.672,0,0.285,0
7569.7,13,10.82,0.631,0,0.403,0
2806.04,2,31.43,0.678,0,0.481,0
4199.36,8,1.51,0.934,0,0.106,0
1245.72,0,0,0.703,0,0.322,0
8483.81,3,55.24,0.755,0,0.387,1
834.2,2,0.8,0.83,0,0.399,0
4535.9,12,29.26,0.894,0,0.329,0
1400.85,11,24.04,0.934,1,0.355,0
6170.02,0,28.51,0.861,0,0.402,0
578.41,10,26.01,0.894,0,0.09,0
1037.87,10,11.87,0.898,1,0.241,1
2051.07,14,0,0.773,0,0.13,0
3052.08,11,0,0.783,0,0.677,0
680.47,13,19.21,0.588,0,0.251,0
1140.86,22,0,0.884,0,0.366,0
1622.15,16,0,0.722,0,0.206,0
3848.07,20,7.06,0.788,0,0.093,0
3445.77,14,0,0.935,0,0.206,0
499.11,21,0,0.573,0,0.053,0
513.1,4,36.36,0.823,0,0.105,0
2639.81,3,0,0.903,0,0.585,0
1091.21,6,0,0.701,1,0.294,0
935.26,2,14.74,0.691,1,0.143,0
1713.44,0,19.67,0.596,0,0.16,0
800.2,11,0,0.727,0,0.157,0
1397.92,18,15.21,0.867,0,0.397,0
513.38,10,0,0.68,0,0.187,0
1789.49,14,17.86,0.879,0,0.342,0
3403.37,15,2.53,0.815,0,0.084,0
1676.13,21,22.94,0.882,0,0.373,0
991.39,17,11.99,0.751,0,0.297,0
1126.24,13,20.16,0.964,1,0.083,0
14294.42,9,35.35,0.69,0,0.314,0
2587.37,1,17.56,0.664,0,0.169,0
3939.66,0,15.18,0.865,0,0.417,0
5113.09,15,0,0.697,0,0.304,0
2493.17,23,4.88,0.924,0,0.126,0
775.29,3,0,0.859,0,0.199,0
3055.68,5,0,0.679,1,0.298,0
3558.44,21,31.01,0.788,0,0.24,0
910.77,12,11.35,0.757,0,0.148,0
3398.37,13,9.51,0.578,0,0.148,0
2030.4,15,0,0.505,0,0.277,0
5161.8,13,12.71,0.847,0,0.534,0
1804.08,17,24.32,0.909,1,0.274,0
221.0,12,0,0.596,1,0.353,0
509.62,8,5.81,0.875,0,0.656,0
2383.76,1,4.85,0.781,0,0.214,0
1100.81,7,13.02,0.82,0,0.657,0
1458.53,4,8.68,0.603,0,0.288,1
985.15,17,0,0.769,1,0.289,0
1726.6,2,0,0.793,0,0.602,0
3528.35,7,0,0.958,0,0.457,0
300.19,6,6.01,0.8,0,0.214,0
1252.95,7,10.63,0.839,0,0.024,0
6612.45,0,17.21,0.773,0,0.08,0
7302.95,18,3.06,0.739,0,0.454,0
1059.95,8,0,0.795,0,0.301,0
332.91,15,0,0.929,0,0.236,0
2551.06,20,0,0.897,1,0.492,0
736.79,19,8.69,0.936,0,0.701,0
5355.21,9,15.18,0.959,0,0.029,0
1861.4,11,21.61,0.913,0,0.582,0
3086.12,16,2.61,0.863,0,0.167,0
1248.74,16,20.62,0.581,0,0.141,0
3890.88,3,14.57,0.566,0,0.106,0
1231.47,2,28.29,0.906,0,0.553,0
1146.01,13,30.26,0.825,0,0.389,0
2936.74,14,0,0.853,0,0.303,0
641.22,18,19.08,0.832,0,0.185,0
950.91,3,15.68,0.855,1,0.142,0
4027.95,3,35.61,0.935,0,0.124,0
13801.52,7,6.11,0.721,0,0.217,0
10137.91,20,0,0.652,0,0.12,0
335.95,6,6.95,0.762,0,0.182,0
3167.89,20,3.91,0.764,1,0.632,0
2466.79,14,29.23,0.899,0,0.111,0
707.89,13,2.02,0.797,0,0.3,0
2089.71,6,9.34,0.733,0,0.304,0
4699.57,22,0.87,0.841,0,0.355,0
3349.01,8,7.99,0.561,0,0.066,0
4464.19,4,0,0.708,0,0.372,0
2219.93,13,40.65,0.79,0,0.403,0
868.08,18,29.62,0.846,1,0.505,0
2312.19,7,24.31,0.667,0,0.171,0
5048.88,14,14.33,0.613,1,0.121,0
2999.2,14,13.04,0.821,0,0.193,0
9002.49,22,2.62,0.763,0,0.355,0
636.69,0,4.34,0.868,0,0.123,0
4951.39,13,16.95,0.741,0,0.501,0
1078.64,3,20.75,0.776,0,0.439,0
2265.8,15,21.03,0.705,0,0.128,0
915.97,16,26.04,0.64,0,0.208,0
12922.98,5,17.65,0.579,0,0.181,0
399.78,16,14.76,0.972,0,0.436,0
1584.37,14,26.74,0.53,0,0.576,0
462.37,0,0,0.942,0,0.32,0
3045.33,8,27.44,0.759,0,0.183,0
2645.53,18,13.84,0.568,0,0.25,0
1066.08,9,5.27,0.782,0,0.254,0
872.73,14,18.95,0.649,0,0.433,0
2540.8,8,0,0.773,1,0.168,0
1265.65,18,18.77,0.671,0,0.228,0
1370.08,18,0.31,0.828,0,0.188,0
7261.57,13,0,0.907,0,0.327,0
286.7,1,13.34,0.843,1,0.161,0
1028.79,7,18.82,0.663,0,0.283,0
1356.41,4,23.74,0.842,0,0.383,0
874.51,11,0,0.919,0,0.218,0
607.36,1,31.59,0.863,0,0.126,0
770.32,5,0,0.76,0,0.534,0
4625.27,11,25.8,0.652,1,0.102,0
2908.32,16,17.31,0.851,0,0.184,0
260.23,17,0,0.762,0,0.451,0
850.26,15,0,0.501,0,0.302,0
13356.61,12,13.04,0.84,0,0.181,0
2767.79,7,6.37,0.706,0,0.103,1
179.53,21,3.54,0.621,0,0.262,0
2720.27,10,0,0.852,0,0.333,0
2055.59,15,3.61,0.89,0,0.168,0
2176.94,7,0,0.904,0,0.061,0
1301.17,19,21.15,0.664,0,0.353,0
914.19,9,15.54,0.802,0,0.394,0
352.2,2,0,0.881,0,0.069,0
3461.65,5,0,0.6,0,0.27,0
643.12,20,14.3,0.747,0,0.223,0
1485.23,22,0,0.699,0,0.046,0
167.24,20,2.47,0.928,0,0.662,0
3420.08,3,0,0.637,0,0.404,0
1870.39,11,28.22,0.857,0,0.163,0
355.04,12,7.5,0.887,0,0.167,0
2428.83,16,18.78,0.758,0,0.402,0
1180.63,8,0,0.669,0,0.019,0
3450.17,1,0,0.825,0,0.186,0
2095.83,8,10.79,0.937,0,0.141,0
728.83,6,0,0.674,0,0.41,0
738.82,17,0,0.765,0,0.237,0
1446.88,20,0,0.688,0,0.23,0
8003.94,10,22.03,0.641,1,0.503,0
1118.09,16,0,0.692,0,0.354,0
1899.27,19,14.29,0.739,0,0.149,0
1457.13,13,0,0.811,0,0.162,0
2615.41,11,23.67,0.627,0,0.446,0
11570.24,1,10.35,0.904,0,0.23,0
2584.48,17,17.57,0.874,0,0.096,0
203.98,14,13.91,0.879,0,0.203,0
320.72,13,0,0.942,1,0.206,0
4288.03,18,18.5,0.86,0,0.533,0
4993.14,23,15.75,0.719,0,0.212,1
1257.47,7,18.98,0.781,0,0.322,0
961.81,9,9.44,0.654,0,0.283,0
1506.2,6,11.14,0.949,1,0.649,0
188.31,18,10.61,0.7,0,0.237,0
1670.96,13,1.91,0.816,0,0.313,0
2694.95,15,46.52,0.964,0,0.047,0
2218.11,23,11.85,0.837,0,0.57,0
568.36,9,0,0.977,0,0.12,0
959.05,11,16.25,0.909,0,0.169,0
3663.47,23,17.52,0.583,0,0.252,0
553.97,14,0,0.78,0,0.097,0
1463.17,6,10.53,0.889,1,0.384,0
1614.24,14,7.67,0.5,0,0.461,0
1025.85,2,11.15,0.824,0,0.195,0
8168.84,16,0,0.867,0,0.147,0
1901.8,17,0.94,0.885,0,0.652,0
4219.1,12,16.25,0.748,0,0.339,0
18907.2,7,1.14,0.858,0,0.221,0
771.89,10,13.58,0.675,0,0.146,0
1238.55,1,0,0.618,0,0.569,0
2800.61,11,29.41,0.721,0,0.05,0
12402.5,10,0,0.786,0,0.28,0
4550.11,16,21.8,0.973,0,0.543,0
2888.18,19,0,0.688,0,0.205,0
2424.1,18,15.08,0.776,0,0.039,0
306.09,10,0,0.85,0,0.243,0
4509.26,19,19.95,0.854,1,0.21,0
5897.93,10,18.97,0.88,0,0.304,0
1019.47,19,0,0.908,0,0.178,0
1218.87,1,8.22,0.838,0,0.118,0
940.94,16,16.7,0.536,0,0.294,0
1113.94,22,27.74,0.782,0,0.4,0
1565.03,1,30.25,0.73,0,0.035,0
2626.96,11,29.91,0.682,0,0.413,0
915.68,16,17.55,0.739,0,0.098,0
3061.42,19,14.73,0.914,0,0.29,0
3732.07,9,0,0.875,0,0.209,0
1385.5,16,21.3,0.704,1,0.139,0
698.49,5,9.05,0.945,1,0.022,0
1140.89,11,0,0.837,0,0.179,0
669.53,4,0,0.855,0,0.496,0
1991.64,10,24.42,0.697,0,0.155,0
1189.92,15,0,0.598,0,0.378,0
5441.12,18,7.74,0.764,0,0.382,0
2491.97,6,0,0.892,0,0.279,0
463.85,1,19.3,0.705,0,0.033,0
3419.21,0,24.83,0.715,0,0.277,0
802.67,23,7.07,0.756,1,0.493,0
1695.53,7,30.65,0.851,1,0.196,0
3160.41,6,10.8,0.804,0,0.23,0
655.76,0,0,0.692,0,0.082,0
1388.4,3,7.35,0.523,1,0.21,0
966.59,12,6.5,0.68,0,0.441,0
5076.7,0,0,0.319,0,0.169,0
1590.93,12,13.27,0.693,0,0.16,0
3870.85,14,0,0.87,1,0.252,0
672.72,17,0.4,0.931,0,0.42,0
1185.81,23,31.67,0.685,0,0.254,0
988.02,6,33.39,0.676,0,0.372,0
934.71,19,0,0.874,0,0.261,0
1518.1,18,18.36,0.912,0,0.708,0
8128.64,20,0,0.977,0,0.205,0
7284.84,5,29.35,0.715,0,0.042,1
1991.66,19,27.54,0.748,0,0.213,0
1156.49,4,9.31,0.871,0,0.775,0
1830.89,4,10.47,0.823,0,0.017,0
9676.05,14,1.3,0.732,1,0.093,0
2693.77,22,19.58,0.89,0,0.118,0
900.01,4,14.31,0.933,0,0.105,0
4085.72,13,0,0.641,0,0.057,0
2850.2,18,7.49,0.751,0,0.377,0
1310.18,15,0,0.934,0,0.172,0
6281.12,4,59.76,0.686,0,0.138,0
1686.38,6,22.83,0.713,0,0.472,0
4393.91,0,10.03,0.687,0,0.337,0
2227.0,0,0,0.828,0,0.506,0
1256.14,4,13.09,0.695,0,0.275,0
946.43,23,6.35,0.896,0,0.063,0
1738.0,8,24.31,0.863,0,0.109,0
900.86,22,8.93,0.956,0,0.075,0
2958.63,8,5.98,0.722,0,0.072,0
1444.54,13,0,0.951,0,0.546,0
514.39,22,0,0.756,0,0.268,0
1628.93,8,8.72,0.812,0,0.139,0
1845.1,0,13.06,0.791,0,0.49,0
193.4,5,1.12,0.402,0,0.175,0
5538.63,20,13.19,0.68,0,0.477,0
4016.62,18,6.87,0.778,0,0.221,0
1354.72,12,0,0.8,0,0.097,0
5192.51,12,2.91,0.572,0,0.193,0
842.23,14,0,0.934,0,0.255,0
2466.0,15,0,0.792,0,0.146,0
300.38,13,14.91,0.633,0,0.221,0
196.58,23,0.01,0.919,0,0.145,0
2016.06,13,5.35,0.84,0,0.217,0
713.81,20,12.36,0.861,0,0.013,0
3091.99,3,0.31,0.794,0,0.162,0
1113.84,6,1.31,0.684,0,0.17,0
553.92,6,0,0.911,0,0.275,0
1411.29,13,0,0.726,0,0.225,0
4012.84,18,0,0.805,0,0.243,0
1320.5,7,0,0.633,0,0.088,0
1821.0,5,0,0.814,0,0.052,0
1178.74,9,0,0.948,0,0.199,0
1162.99,21,0,0.694,0,0.188,0
355.58,22,0,0.962,0,0.355,0
922.24,21,18.03,0.763,0,0.266,0
3577.19,0,0,0.748,0,0.391,0
13519.69,4,33.88,0.753,0,0.33,0
1118.16,7,7.93,0.76,0,0.452,0
330.28,11,0.17,0.652,0,0.313,0
1651.07,22,0,0.865,0,0.515,0
8784.33,7,0,0.802,0,0.37,0
585.03,11,3.57,0.696,0,0.173,0
1265.29,22,0,0.709,0,0.116,1
6915.91,17,0,0.953,0,0.368,0
543.67,1,1.94,0.855,0,0.211,0
1105.4,7,0,0.7,0,0.589,0
1753.68,13,0,0.863,0,0.134,0
1405.93,3,16.82,0.499,0,0.067,0
4788.86,0,0,0.575,0,0.332,0
865.16,12,4.41,0.794,0,0.233,0
418.33,14,31.49,0.781,0,0.115,0
681.72,2,5.65,0.882,0,0.137,0
1493.94,2,0,0.931,0,0.061,0
3469.11,22,30.86,0.71,0,0.219,0
1253.93,8,20.02,0.779,0,0.118,0
2146.0,7,0,0.779,0,0.117,0
2467.21,16,14.59,0.763,0,0.267,0
1350.13,0,4.06,0.446,0,0.412,0
1468.1,14,17.17,0.908,0,0.147,0
106.27,20,12.2,0.709,0,0.209,0
4682.8,1,3.64,0.818,0,0.586,0
1464.59,16,33.41,0.955,0,0.245,0
579.87,12,13.87,0.749,0,0.421,0
3381.46,5,23.58,0.608,0,0.204,0
2924.26,19,0.04,0.678,0,0.045,0
3302.48,7,16.31,0.802,0,0.296,0
500.7,13,0.27,0.941,1,0.17,0
611.94,9,9.15,0.7,1,0.151,0
2683.3,1,35.08,0.741,0,0.45,0
3562.45,5,30.32,0.853,1,0.354,1
4778.34,15,0,0.966,0,0.438,0
3244.23,7,15.98,0.823,1,0.126,0
3066.1,10,0,0.717,0,0.345,0
699.5,1,0,0.528,0,0.336,0
7582.22,21,19.25,0.707,1,0.485,0
583.77,8,28.01,0.701,0,0.277,0
5057.96,16,0,0.714,0,0.193,0
1381.47,19,0,0.908,0,0.46,1
990.9,14,0,0.593,1,0.445,0
3140.5,18,13.03,0.843,0,0.296,0
3204.58,21,29.49,0.876,0,0.28,0
2330.22,4,28.54,0.942,0,0.454,0
1188.76,2,0,0.873,0,0.174,0
3555.01,10,24.11,0.613,0,0.321,0
22735.92,15,0,0.851,0,0.052,0
1293.19,23,28.72,0.829,0,0.222,0
1140.66,13,0,0.934,0,0.14,0
1529.19,16,0,0.974,0,0.094,0
3533.29,3,21.3,0.801,0,0.213,0
2865.54,17,4.23,0.832,1,0.331,0
1502.61,5,2.22,0.907,0,0.467,0
6428.54,13,26.24,0.705,0,0.365,0
10303.26,9,8.61,0.831,1,0.079,0
6506.46,21,8.18,0.762,0,0.124,0
1618.25,20,31.64,0.884,0,0.495,0
259.5,21,8.79,0.987,1,0.29,0
930.61,0,25.36,0.94,0,0.095,0
841.38,14,10.31,0.84,0,0.347,0
13647.77,0,6.43,0.849,0,0.08,0
693.23,17,0,0.657,0,0.506,0
2684.42,3,14.62,0.612,0,0.207,0
760.68,23,28.36,0.814,0,0.74,0
710.06,19,17.99,0.697,0,0.617,0
331.62,18,5.26,0.767,1,0.284,0
191.3,23,23.59,0.838,1,0.527,0
703.21,9,16.1,0.919,0,0.033,0
1391.01,22,0,0.834,0,0.712,0
21688.38,13,21.42,0.72,0,0.202,0
3223.57,1,33.21,0.724,0,0.383,0
1867.34,2,9.02,0.842,0,0.094,0
1954.03,2,26.99,0.929,0,0.437,1
548.02,23,15.1,0.461,0,0.425,0
675.96,16,0,0.883,0,0.343,0
4452.66,1,1.38,0.705,0,0.286,0
1417.09,13,23.52,0.814,0,0.159,0
4797.73,1,0,0.812,0,0.229,0
4163.68,16,14.15,0.656,0,0.266,0
8281.63,12,6.08,0.889,0,0.186,0
2722.2,9,0,0.726,0,0.519,0
3926.27,20,0,0.856,0,0.268,0
1258.86,8,16.96,0.922,0,0.276,0
360.07,22,29.21,0.877,0,0.319,0
3253.74,7,16.64,0.952,0,0.415,0
1104.0,21,11.37,0.865,0,0.409,0
1265.05,16,17.93,0.77,1,0.043,0
3044.13,16,17.98,0.649,0,0.828,0
605.24,4,2.86,0.567,0,0.151,0
3418.59,6,0,0.72,1,0.226,0
3697.66,15,0,0.657,0,0.16,0
2534.16,23,16.57,0.877,0,0.475,0
6397.74,4,44.06,0.866,0,0.129,0
1955.43,6,9.48,0.754,0,0.38,0
3729.42,5,22.45,0.891,0,0.224,0
5476.47,21,2.53,0.689,0,0.326,0
944.33,3,26.22,0.559,0,0.612,0
1366.04,1,0,0.613,1,0.314,0
1880.96,21,20.73,0.747,0,0.69,0
1122.94,4,23.84,0.59,0,0.586,1
2205.81,11,0,0.767,0,0.504,0
1062.97,8,1.15,0.522,0,0.133,0
1412.34,2,13.06,0.863,0,0.369,0
4447.77,14,0.16,0.77,0,0.179,0
1773.98,9,13.13,0.638,0,0.33,0
1736.0,15,38.06,0.931,0,0.402,0
4545.9,12,0,0.418,0,0.073,0
2517.31,15,0,0.775,0,0.153,0
1244.26,3,0,0.945,0,0.17,0
2359.84,2,16.87,0.436,0,0.329,0
8545.73,14,8.78,0.506,0,0.674,0
3092.93,13,0,0.907,0,0.785,0
299.81,5,27.69,0.777,0,0.714,0
1485.64,2,0,0.867,0,0.415,0
538.76,17,4.32,0.804,0,0.401,0
3505.47,9,0.48,0.753,1,0.078,0
2411.41,5,0,0.74,0,0.205,0
1518.66,15,1.61,0.799,0,0.249,0
3908.0,7,13.67,0.504,0,0.428,0
200.84,11,6.91,0.822,0,0.43,0
26236.24,12,17.46,0.95,0,0.505,0
6280.53,18,25.09,0.782,0,0.078,1
3027.69,12,39.97,0.887,1,0.355,0
1690.98,1,16.91,0.799,1,0.27,0
774.13,23,34.94,0.917,0,0.089,0
2372.04,2,21.68,0.729,1,0.418,0
4600.36,5,11.07,0.846,0,0.151,0
4636.25,8,5.27,0.837,0,0.281,0
604.77,19,16.66,0.814,1,0.225,0
3205.66,7,17.89,0.862,0,0.203,0
6504.87,9,12.86,0.724,0,0.3,0
1121.36,23,0,0.924,0,0.576,0
352.83,20,0,0.781,0,0.416,0
1263.33,11,0,0.777,0,0.596,0
7531.92,14,9.65,0.856,1,0.666,1
1273.03,6,27.56,0.957,0,0.212,0
8055.39,18,0,0.607,0,0.127,0
5035.68,3,0,0.907,0,0.119,0
2883.02,14,9.48,0.769,0,0.19,0
2902.02,22,18.57,0.913,0,0.114,0
1988.43,1,0,0.673,0,0.276,0
7265.5,11,1.0,0.963,0,0.218,0
1621.39,5,0,0.873,1,0.586,0
6427.39,2,2.43,0.905,0,0.019,0
888.51,6,24.17,0.342,0,0.088,0
631.97,16,10.18,0.668,0,0.316,0
3056.45,9,0,0.952,0,0.188,0
381.01,12,27.81,0.842,0,0.314,0
2175.14,22,28.79,0.811,0,0.229,0
1152.01,23,8.61,0.892,0,0.169,0
765.67,0,4.64,0.831,0,0.028,0
2900.99,14,0,0.762,0,0.333,0
846.31,3,31.31,0.862,0,0.52,0
7969.99,13,0,0.703,0,0.054,0
1617.2,14,6.08,0.884,0,0.31,0
415.74,11,0,0.778,1,0.17,0
1566.06,13,4.36,0.945,1,0.343,0
2250.03,2,9.35,0.923,1,0.353,1
8221.47,22,3.36,0.758,0,0.128,0
3542.03,6,0,0.613,1,0.729,0
1695.34,7,11.69,0.794,0,0.186,0
4189.1,13,29.66,0.92,0,0.206,0
2610.33,17,0,0.938,0,0.193,0
909.46,14,31.64,0.782,0,0.129,0
2452.58,18,2.33,0.735,1,0.361,0
914.47,18,25.37,0.88,0,0.281,0
3408.1,21,18.29,0.768,1,0.348,0
774.62,21,26.05,0.833,0,0.28,0
14469.17,13,0,0.774,0,0.427,0
2021.88,4,26.75,0.738,0,0.006,0
1456.32,16,37.46,0.797,1,0.126,0
3281.09,19,2.3,0.869,0,0.144,0
4219.32,8,1.1,0.76,0,0.535,0
3073.88,8,0,0.77,1,0.364,0
680.52,3,0,0.79,0,0.247,0
1126.7,14,1.27,0.754,0,0.119,0
1668.59,23,24.51,0.601,0,0.172,0
1862.25,11,0,0.96,0,0.228,0
1474.01,10,0,0.983,0,0.187,0
3156.61,9,12.38,0.646,0,0.376,0
1213.12,3,0,0.707,1,0.528,1
4403.5,15,2.14,0.706,1,0.255,0
2055.37,17,0,0.945,0,0.261,0
5607.22,11,0,0.547,0,0.137,0
1918.93,15,17.06,0.644,0,0.346,0
949.44,21,0,0.83,0,0.072,0
2671.24,4,0,0.961,0,0.716,0
3922.15,19,3.54,0.808,0,0.491,0
6204.24,21,0,0.705,0,0.067,0
557.75,20,13.08,0.852,1,0.567,0
1833.08,2,21.93,0.932,0,0.344,0
276.18,6,0,0.576,0,0.333,0
1852.56,17,16.07,0.799,0,0.172,0
2103.56,15,30.72,0.896,0,0.205,0
1502.09,7,25.54,0.72,0,0.465,0
1848.34,18,0,0.873,0,0.332,0
7691.2,17,4.37,0.86,0,0.43,0
1058.56,7,4.0,0.787,0,0.643,0
4454.3,3,3.1,0.929,0,0.274,0
2967.74,2,37.11,0.512,0,0.592,1
636.42,1,22.56,0.639,0,0.45,0
2308.03,19,5.44,0.689,0,0.231,0
1242.46,18,8.67,0.55,0,0.081,0
359.65,20,0,0.906,0,0.415,0
3858.96,16,5.36,0.755,0,0.446,0
6476.25,8,27.85,0.849,0,0.221,0
3274.68,4,20.93,0.555,0,0.064,0
1790.59,18,32.27,0.672,0,0.095,0
483.7,10,10.77,0.915,0,0.36,0
1646.19,13,40.11,0.944,0,0.585,0
1304.44,21,23.73,0.881,0,0.152,0
494.52,10,7.39,0.579,0,0.26,0
6191.39,16,6.69,0.74,0,0.131,0
5071.24,4,17.98,0.856,0,0.095,0
1063.66,2,6.57,0.657,0,0.373,0
1548.49,17,12.61,0.701,0,0.162,0
5662.65,4,31.41,0.951,0,0.414,1
2709.67,0,0,0.908,0,0.383,0
526.83,9,0,0.852,0,0.318,0
4816.16,2,0,0.937,0,0.462,0
235.17,5,0,0.807,0,0.432,0
1594.81,4,0,0.854,1,0.187,0
5602.12,16,12.29,0.871,0,0.443,0
2293.39,17,0,0.686,0,0.355,0
2389.83,15,27.61,0.432,0,0.508,0
1281.0,5,7.04,0.967,0,0.228,0
657.75,20,9.65,0.586,0,0.373,0
1188.28,11,8.77,0.974,1,0.162,1
5000.84,14,29.35,0.714,0,0.299,0
3537.36,12,43.56,0.443,0,0.121,0
1687.68,19,18.68,0.87,0,0.129,0
3105.26,2,0,0.761,0,0.557,0
314.47,10,34.34,0.704,0,0.308,0
8193.32,6,46.06,0.907,0,0.507,0
3731.91,0,25.09,0.547,0,0.459,0
1112.36,4,34.48,0.889,0,0.302,0
5604.56,22,0,0.929,0,0.227,0
10723.95,11,3.63,0.733,0,0.393,0
9610.68,23,0,0.767,0,0.21,0
1565.57,1,0,0.535,0,0.472,0
417.0,12,22.21,0.712,0,0.282,0
4262.01,11,29.62,0.901,0,0.271,0
4249.85,20,9.16,0.71,0,0.545,0
3016.34,3,5.81,0.773,1,0.416,0
1074.23,9,0,0.948,1,0.379,0
3617.96,2,4.13,0.971,0,0.574,0
1790.63,12,0,0.656,0,0.176,0
11163.8,16,0,0.908,0,0.025,0
1939.25,5,26.33,0.881,0,0.342,0
671.49,22,1.6,0.606,0,0.236,0
1568.22,21,4.02,0.98,0,0.071,0
641.71,17,0,0.889,0,0.267,0
515.77,21,18.99,0.888,0,0.442,0
6559.64,4,0,0.754,0,0.277,0
941.75,21,0.92,0.952,0,0.336,0
3248.35,12,0,0.803,0,0.2,0
252.35,15,4.17,0.744,0,0.242,0
1298.02,6,24.01,0.452,0,0.239,0
479.01,1,0,0.783,0,0.592,1
619.42,11,0,0.939,0,0.267,0
529.31,4,0,0.847,1,0.143,0
5552.58,4,3.48,0.913,0,0.203,0
26348.31,7,0,0.759,0,0.047,0
627.68,9,11.03,0.661,0,0.171,0
5244.31,11,0,0.843,0,0.264,0
1168.52,21,0,0.81,0,0.149,0
1730.8,4,21.27,0.634,0,0.188,0
11266.98,14,0,0.749,0,0.469,0
293.1,21,3.68,0.877,0,0.372,0
463.19,18,26.8,0.913,0,0.119,0
964.57,1,0,0.758,0,0.128,1
8060.4,9,0,0.733,0,0.46,0
1405.53,22,28.68,0.667,0,0.261,0
2143.97,18,4.45,0.659,0,0.326,0
8657.52,16,0,0.773,0,0.303,0
1153.53,2,11.32,0.613,0,0.591,0
2146.34,13,0,0.633,0,0.187,0
2306.75,16,0,0.494,1,0.099,0
4538.6,9,0,0.846,0,0.223,0
2792.36,0,23.46,0.906,0,0.522,0
2631.52,15,27.04,0.818,0,0.368,0
262.61,9,15.52,0.857,0,0.31,0
3375.98,23,1.8,0.848,0,0.04,0
391.48,1,23.52,0.655,1,0.226,1
187.58,11,30.23,0.901,0,0.343,0
2373.91,4,21.36,0.971,0,0.402,0
512.96,14,9.37,0.644,0,0.086,0
868.1,18,0,0.879,0,0.152,0
3091.42,0,3.99,0.714,0,0.208,0
1609.64,15,2.97,0.605,0,0.065,0
285.62,20,18.51,0.771,0,0.491,0
805.83,7,0,0.684,1,0.376,0
1652.52,20,0,0.691,0,0.51,0
682.19,5,15.33,0.785,0,0.431,0
248.63,22,20.15,0.807,1,0.284,0
2463.43,16,5.69,0.695,0,0.42,0
1471.82,14,2.71,0.877,0,0.158,0
1211.87,13,9.7,0.634,0,0.393,0
5613.69,5,16.43,0.687,0,0.544,1
5446.11,1,26.86,0.917,0,0.085,1
1390.03,13,13.3,0.983,1,0.4,0
7444.32,20,0,0.609,0,0.182,0
2444.72,4,6.28,0.926,0,0.253,0
3189.33,23,0,0.789,0,0.263,0
2841.05,16,9.62,0.537,0,0.081,0
4531.9,6,0,0.915,0,0.55,0
8310.11,21,5.35,0.96,0,0.19,0
517.63,6,21.06,0.728,0,0.171,0
11432.27,5,0,0.784,0,0.208,0
290.49,16,6.73,0.835,0,0.157,0
6865.94,3,0,0.754,0,0.02,0
314.41,19,22.27,0.907,0,0.248,0
7178.38,22,22.71,0.802,0,0.378,0
7812.64,5,2.09,0.659,0,0.302,0
433.41,18,16.88,0.776,0,0.263,0
2209.25,2,17.42,0.865,0,0.465,0
2057.91,12,5.17,0.955,1,0.334,1
481.65,17,3.72,0.776,1,0.331,0
1973.18,19,4.82,0.626,0,0.573,0
1437.44,0,13.23,0.851,0,0.658,0
805.41,18,30.02,0.681,0,0.254,0
1658.74,20,9.25,0.846,1,0.165,0
998.39,13,4.43,0.859,0,0.309,0
2381.18,6,27.71,0.835,0,0.138,0
1580.29,7,0,0.789,0,0.356,0
1099.01,5,40.7,0.644,0,0.49,0
1996.79,11,0,0.852,0,0.542,0
2573.93,1,5.47,0.759,0,0.49,0
2183.93,23,12.21,0.695,0,0.171,0
702.04,0,9.34,0.535,0,0.625,0
1685.63,0,15.63,0.865,0,0.127,0
1227.65,16,25.09,0.788,0,0.237,0
2342.3,2,13.55,0.841,0,0.57,0
2902.88,3,2.7,0.84,0,0.362,0
4525.7,14,0,0.754,0,0.275,0
350.46,5,18.04,0.748,0,0.579,0
6439.95,2,20.69,0.64,0,0.315,0
1055.18,5,0,0.672,0,0.474,0
1745.18,8,5.84,0.358,0,0.526,0
876.75,13,25.71,0.904,0,0.218,0
7247.69,6,0,0.632,1,0.287,0
1279.8,13,13.05,0.621,0,0.047,0
740.7,16,9.37,0.814,1,0.357,0
563.85,22,21.51,0.601,1,0.303,0
1315.39,18,8.6,0.833,1,0.157,0
1833.04,15,9.49,0.731,0,0.093,0
2528.61,3,11.26,0.868,1,0.325,1
1762.73,8,17.77,0.759,0,0.371,0
2440.03,1,20.23,0.665,0,0.464,0
8333.54,8,25.34,0.853,0,0.513,0
1349.02,17,0,0.666,0,0.084,0
412.59,17,0,0.625,0,0.352,0
5771.63,16,12.1,0.942,0,0.272,0
3594.68,11,0.35,0.962,0,0.508,0
1978.03,19,10.48,0.925,0,0.442,0
1518.57,8,21.02,0.909,0,0.167,0
773.33,3,0,0.961,0,0.095,0
461.15,12,20.15,0.825,0,0.024,0
929.85,18,0,0.928,1,0.419,0
362.01,2,0,0.557,0,0.069,0
1133.42,4,0,0.899,0,0.174,0
2998.92,23,27.0,0.64,0,0.048,0
1045.49,13,0,0.426,1,0.363,0
2080.01,17,0,0.416,0,0.399,0
1874.58,6,0,0.857,1,0.377,0
175.59,4,18.89,0.469,0,0.613,0
5631.74,8,14.51,0.903,0,0.346,1
4093.86,23,9.53,0.698,0,0.5,1
1920.36,18,10.06,0.946,0,0.204,0
1559.7,23,19.01,0.605,0,0.551,0
5116.33,18,0,0.871,1,0.695,0
715.59,17,0,0.708,0,0.024,0
211.08,8,0,0.83,0,0.137,0
11016.92,17,27.37,0.817,0,0.028,0
6633.88,11,0,0.866,0,0.339,0
2055.38,17,19.64,0.555,0,0.214,0
2250.18,8,18.42,0.927,0,0.209,0
1485.03,4,39.95,0.542,0,0.487,0
22062.75,14,13.96,0.699,0,0.148,0
5697.67,4,7.17,0.887,0,0.39,0
863.38,11,21.89,0.927,0,0.587,0
925.78,2,0,0.964,1,0.295,0
3896.42,9,0,0.706,0,0.109,0
3013.36,8,0,0.529,1,0.518,0
1690.77,21,3.82,0.827,0,0.14,0
455.07,8,9.92,0.936,0,0.267,0
603.06,9,5.85,0.826,0,0.105,0
2583.96,18,0,0.852,0,0.087,0
1526.84,13,0,0.317,0,0.155,0
667.98,9,20.03,0.944,0,0.132,0
1431.16,22,0,0.752,0,0.3,0
510.0,18,0,0.759,0,0.056,0
837.8,0,0,0.854,0,0.245,0
3252.97,12,16.7,0.972,0,0.331,0
1269.54,7,6.0,0.925,0,0.129,0
5551.51,8,14.84,0.778,0,0.21,0
5016.93,2,2.54,0.914,0,0.099,0
1373.26,22,10.98,0.899,1,0.078,0
21635.46,3,0,0.808,0,0.217,0
3307.84,18,0,0.866,0,0.057,0
557.63,9,21.89,0.796,0,0.145,0
15246.96,15,0,0.924,0,0.523,0
13578.29,21,3.77,0.666,0,0.338,0
473.23,8,18.68,0.946,0,0.509,0
1574.04,11,20.29,0.786,0,0.288,0
8117.3,12,0,0.686,1,0.607,0
2428.92,8,2.06,0.761,0,0.066,0
1310.2,2,0,0.823,0,0.683,1
2764.13,20,0,0.524,0,0.332,0
1321.6,17,0,0.616,0,0.135,0
516.59,8,18.79,0.807,1,0.372,0
767.97,14,21.57,0.909,0,0.175,0
1307.72,11,38.58,0.71,0,0.111,0
617.11,11,0.72,0.96,0,0.176,0
2645.1,6,0,0.673,1,0.395,1
7743.7,5,10.36,0.832,0,0.28,0
1065.36,5,13.56,0.873,0,0.401,0
8940.38,1,10.29,0.754,0,0.221,0
1448.76,13,23.11,0.943,0,0.154,0
2302.78,10,8.13,0.834,1,0.248,0
1385.05,0,0,0.51,0,0.237,0
835.99,13,15.36,0.735,0,0.079,0
1233.68,0,0,0.914,0,0.237,0
2535.22,21,17.83,0.782,0,0.565,0
2906.07,21,0,0.569,0,0.326,0
935.59,7,8.95,0.669,0,0.25,0
1080.13,6,0,0.863,0,0.438,0
1174.71,20,25.33,0.817,0,0.211,0
6297.54,9,0,0.885,0,0.451,0
2454.54,0,0,0.78,0,0.215,0
1339.79,2,0,0.956,0,0.062,0
1951.52,5,3.04,0.912,0,0.297,0
1416.77,16,23.99,0.981,0,0.162,0
1054.35,6,9.68,0.883,0,0.153,0
3331.52,23,0.79,0.717,0,0.353,0
611.1,13,14.14,0.935,0,0.442,0
1042.18,15,0,0.726,0,0.511,1
1277.99,17,0.67,0.703,0,0.368,1
1034.69,10,15.83,0.687,1,0.315,0
1724.48,21,0,0.756,0,0.209,0
1416.5,11,13.64,0.673,0,0.267,0
1144.97,19,0,0.573,1,0.702,0
2006.8,7,0,0.78,1,0.491,0
1579.96,12,0,0.95,0,0.319,0
998.6,10,12.81,0.961,0,0.167,0
6433.06,15,11.3,0.801,0,0.504,0
1155.89,2,7.74,0.826,1,0.075,0
6400.67,16,11.26,0.852,0,0.489,1
824.92,19,2.81,0.605,0,0.565,0
2149.73,9,0,0.603,0,0.234,0
13055.34,23,23.02,0.853,0,0.03,0
2550.97,1,25.36,0.673,0,0.095,0
2421.11,2,21.11,0.757,0,0.178,0
5457.31,16,0,0.675,0,0.094,0
9105.95,3,7.05,0.745,1,0.309,0
1191.73,8,5.99,0.783,0,0.3,0
3195.46,21,18.33,0.824,0,0.483,0
1123.52,22,27.2,0.925,0,0.24,0
328.18,22,15.43,0.832,0,0.096,0
1877.46,22,1.02,0.737,0,0.33,0
1311.83,15,13.06,0.693,0,0.445,0
2199.8,6,19.39,0.632,0,0.119,0
1964.39,14,0,0.926,0,0.378,0
853.5,23,17.45,0.694,0,0.169,0
12503.87,21,31.69,0.809,1,0.348,0
1706.92,19,0,0.934,0,0.148,0
1250.14,18,2.62,0.895,1,0.177,0
31079.75,1,0,0.986,0,0.398,0
4760.77,9,0,0.724,0,0.24,0
1525.31,15,0,0.731,0,0.311,0
2482.67,6,8.61,0.799,0,0.28,0
1525.57,7,5.8,0.959,1,0.197,0
486.89,17,13.07,0.847,0,0.246,0
1955.97,23,12.69,0.762,0,0.176,0
726.47,0,0,0.95,0,0.417,0
3031.6,11,24.2,0.698,1,0.385,0
933.51,22,0,0.693,0,0.135,0
5624.18,16,4.15,0.733,0,0.211,0
663.96,3,0,0.624,0,0.32,0
8596.01,5,15.86,0.986,0,0.327,1
2980.02,4,18.37,0.966,0,0.403,0
937.97,12,15.99,0.657,0,0.348,0
1216.42,15,7.89,0.99,0,0.159,0
130.39,11,31.38,0.985,0,0.501,1
5653.7,4,14.64,0.845,0,0.36,0
1911.22,14,0,0.842,0,0.389,0
1065.39,10,30.4,0.685,0,0.273,0
4050.36,10,0,0.789,0,0.309,0
784.16,4,17.15,0.76,0,0.193,1
1812.64,11,29.77,0.491,0,0.065,0
1172.04,18,1.66,0.838,0,0.6,0
8658.12,1,0.97,0.662,0,0.232,0
2294.8,12,23.1,0.933,0,0.189,1
2520.8,5,55.03,0.888,0,0.275,0
224.28,22,0,0.91,0,0.113,0
20774.56,14,0,0.828,0,0.39,0
247.25,0,28.87,0.743,0,0.391,0
2627.31,19,30.38,0.92,0,0.125,0
1321.32,4,9.28,0.658,1,0.226,0
574.58,9,16.15,0.774,0,0.292,0
425.37,0,17.28,0.935,0,0.204,0
4384.93,8,30.85,0.809,0,0.095,0
1987.35,19,0,0.972,0,0.157,0
4463.88,4,15.2,0.932,0,0.318,0
5142.1,9,15.84,0.942,0,0.529,0
922.2,5,24.0,0.708,0,0.509,1
1417.3,20,0,0.755,1,0.491,0
556.73,12,0,0.97,0,0.365,0
2693.81,0,31.37,0.867,0,0.063,1
1516.33,13,0,0.852,0,0.689,0
1777.95,5,36.95,0.711,0,0.38,0
1435.78,10,15.3,0.921,0,0.586,0
1386.31,7,13.77,0.651,0,0.041,0
1867.82,5,30.15,0.719,0,0.662,0
2320.3,2,14.47,0.848,0,0.215,0
1089.51,12,0,0.75,0,0.385,0
27191.69,18,0,0.969,0,0.181,0
649.32,2,0,0.879,0,0.284,0
5689.45,6,22.66,0.876,0,0.471,0
2485.2,13,29.11,0.774,0,0.477,0
389.46,4,12.18,0.784,0,0.183,0
905.11,23,21.45,0.845,0,0.481,0
2311.84,17,25.21,0.753,0,0.352,0
7035.44,21,23.95,0.775,0,0.087,0
2339.48,17,12.07,0.702,0,0.47,0
2980.17,5,23.94,0.61,0,0.199,0
21548.19,0,21.97,0.681,1,0.19,1
2098.89,19,16.38,0.914,0,0.187,0
1323.8,23,1.37,0.931,0,0.386,0
17229.95,3,1.95,0.696,1,0.119,0
934.76,8,20.27,0.901,1,0.517,0
590.65,14,23.92,0.742,1,0.373,0
4230.37,9,21.83,0.879,0,0.211,0
1028.96,10,0,0.918,0,0.238,0
1602.05,12,11.21,0.675,0,0.458,0
18084.05,2,0,0.752,0,0.394,0
875.11,11,1.49,0.667,0,0.296,0
1248.82,20,14.22,0.764,0,0.378,0
453.47,4,0,0.923,0,0.11,0
2590.16,12,5.43,0.833,0,0.246,0
1061.35,7,0,0.635,0,0.348,0
1457.31,23,24.92,0.9,0,0.098,0
1121.36,12,9.72,0.789,0,0.198,0
9110.59,20,0,0.884,0,0.155,0
3367.22,2,22.0,0.647,0,0.11,0
2036.9,18,24.87,0.826,0,0.574,0
1550.46,18,8.08,0.94,0,0.345,0
1845.62,16,13.94,0.6,1,0.283,0
1704.74,20,0,0.665,0,0.112,0
4795.15,17,7.41,0.801,0,0.132,0
1509.26,20,7.17,0.731,0,0.227,0
1309.82,3,3.42,0.978,0,0.289,0
2421.96,12,18.59,0.523,1,0.223,0
2637.65,16,0,0.74,0,0.383,0
307.84,19,35.79,0.89,0,0.312,0
317.51,20,0,0.758,0,0.117,0
1291.82,2,0,0.774,0,0.413,0
1335.81,18,5.16,0.886,0,0.17,0
5831.41,23,0,0.453,0,0.344,0
10571.24,22,41.71,0.906,0,0.191,0
1210.73,9,0,0.881,0,0.333,0
780.65,20,13.49,0.873,0,0.108,0
4076.17,4,23.77,0.87,0,0.172,0
1385.84,8,21.14,0.817,0,0.242,0
8144.84,0,0,0.816,1,0.402,0
2042.5,13,0,0.867,0,0.103,0
464.81,22,14.72,0.837,0,0.196,0
2317.9,2,2.94,0.925,0,0.264,0
458.19,13,0,0.877,1,0.479,0
5240.06,8,46.41,0.742,0,0.487,1
1006.3,22,0,0.952,0,0.046,0
959.64,0,26.39,0.862,0,0.32,0
752.0,16,37.62,0.93,0,0.075,0
692.95,9,18.43,0.919,1,0.233,0
2800.04,10,26.78,0.537,0,0.102,0
7273.53,17,0,0.833,0,0.418,0
2738.73,23,0,0.863,0,0.683,1
668.61,20,0,0.734,1,0.611,1
5478.62,13,18.96,0.991,0,0.45,0
4281.55,17,18.74,0.882,0,0.126,0
809.58,15,21.11,0.868,0,0.09,0
487.05,10,21.46,0.951,0,0.403,0
2469.97,7,44.83,0.691,0,0.207,0
2183.48,20,6.66,0.639,0,0.114,0
804.86,15,24.84,0.914,0,0.502,0
4593.76,0,2.35,0.743,0,0.233,0
7351.74,17,20.23,0.647,0,0.222,0
1470.41,13,16.87,0.775,0,0.21,0
4210.82,9,13.89,0.598,0,0.527,0
1970.23,8,28.67,0.803,0,0.133,0
5933.07,15,19.36,0.906,0,0.238,0
2753.53,5,34.43,0.552,0,0.298,0
9961.78,2,0,0.844,0,0.132,0
5325.31,7,0,0.52,0,0.595,0
340.2,11,0,0.947,0,0.16,0
492.04,10,0,0.576,0,0.094,1
3359.73,0,14.19,0.607,0,0.141,0
1918.91,10,0,0.971,0,0.557,0
1698.07,22,19.31,0.887,0,0.177,0
2986.05,17,28.8,0.931,0,0.194,0
8245.01,6,15.48,0.866,0,0.474,0
842.97,13,11.23,0.584,1,0.592,0
26106.21,22,25.31,0.89,0,0.257,0
244.46,6,13.59,0.915,0,0.062,0
677.58,7,0,0.724,0,0.08,0
10384.7,10,21.42,0.76,0,0.088,0
703.35,20,1.72,0.731,0,0.23,0
1363.97,19,31.14,0.785,0,0.297,0
3891.51,0,0,0.795,0,0.459,1
3673.6,4,0,0.75,0,0.313,0
813.72,23,29.38,0.915,0,0.295,0
1028.66,16,6.75,0.411,0,0.407,0
1975.51,6,8.62,0.729,0,0.13,0
3938.11,12,21.54,0.879,0,0.139,0
3435.59,6,8.74,0.649,1,0.421,0
5139.67,22,24.96,0.754,0,0.256,0
1830.23,6,0,0.797,0,0.292,0
8045.91,10,0,0.755,0,0.352,0
7611.66,17,19.08,0.716,1,0.315,0
4478.99,11,0,0.745,1,0.235,0
576.26,10,0,0.817,0,0.123,0
1023.32,3,0,0.94,0,0.703,1
524.35,6,13.17,0.841,0,0.397,0
2784.05,10,20.75,0.481,0,0.251,0
1707.06,14,20.87,0.957,0,0.091,0
170.95,1,40.67,0.859,0,0.271,1
3979.02,22,9.77,0.94,0,0.567,0
625.04,19,0,0.838,0,0.325,0
2457.79,5,18.32,0.588,0,0.417,0
674.93,19,3.21,0.664,0,0.193,0
491.71,4,0,0.958,0,0.281,0
852.8,16,0,0.89,0,0.355,0
1374.36,7,7.97,0.504,0,0.146,0
5663.01,9,35.37,0.849,0,0.49,0
1266.81,4,8.45,0.946,0,0.338,0
4557.47,16,16.6,0.609,0,0.45,0
318.15,19,0,0.75,0,0.266,0
7782.94,14,41.31,0.618,0,0.075,0
2645.6,6,0,0.868,0,0.173,0
1395.69,23,29.8,0.921,0,0.333,0
14558.93,0,24.66,0.368,0,0.143,0
414.11,2,51.03,0.689,0,0.165,0
1670.03,13,0,0.742,0,0.182,0
5233.99,14,36.13,0.718,0,0.07,0
403.48,2,31.08,0.869,1,0.778,1
2817.16,16,26.23,0.905,0,0.352,0
731.75,0,1.81,0.82,0,0.147,0
2295.52,4,18.05,0.886,0,0.326,0
1728.11,2,0,0.893,0,0.162,0
216.17,6,0,0.792,0,0.347,0
3214.46,6,17.74,0.642,0,0.327,0
5817.36,7,24.85,0.832,0,0.256,0
2291.99,20,32.55,0.673,0,0.154,0
839.13,14,22.18,0.794,0,0.208,0
2225.25,11,32.03,0.989,1,0.353,0
175.11,4,24.99,0.758,0,0.402,0
901.39,0,0,0.771,0,0.113,0
2488.48,1,0,0.702,0,0.097,0
1084.09,15,5.41,0.86,0,0.377,0
1502.5,14,7.99,0.789,0,0.27,0
1378.22,16,14.72,0.581,1,0.326,0
215.86,7,25.92,0.838,0,0.43,0
2520.82,5,0,0.823,0,0.17,0
4446.66,11,29.68,0.879,0,0.254,0
662.23,18,14.48,0.698,0,0.49,0
1744.15,20,10.09,0.627,0,0.225,0
3563.39,19,9.67,0.727,0,0.326,0
1326.57,3,10.03,0.795,0,0.602,0
952.5,20,0,0.854,0,0.632,0
2493.75,14,8.33,0.985,0,0.194,0
2257.24,7,3.35,0.907,0,0.302,0
408.75,17,21.03,0.554,1,0.595,0
1554.6,17,31.36,0.936,0,0.472,0
942.74,15,9.78,0.942,1,0.102,0
3172.25,19,12.06,0.758,1,0.076,0
1142.85,11,0,0.838,0,0.268,0
4869.09,16,16.14,0.791,0,0.075,0
1339.4,3,17.73,0.67,0,0.352,0
685.29,23,35.34,0.731,0,0.162,0
3006.86,13,7.74,0.702,0,0.689,0
2066.15,19,11.51,0.95,0,0.673,0
6037.47,19,8.92,0.796,0,0.12,0
2015.37,18,13.4,0.774,0,0.306,0
659.18,9,0,0.8,0,0.266,0
3311.93,0,0,0.704,0,0.492,0
320.67,11,16.14,0.737,0,0.23,0
7417.89,22,0,0.807,0,0.068,0
1776.38,21,5.52,0.849,0,0.157,0
12845.06,7,1.02,0.827,0,0.169,0
580.0,18,0,0.614,0,0.168,0
4053.49,20,0,0.826,0,0.196,0
1035.97,6,4.82,0.786,0,0.026,0
2920.05,18,0,0.864,0,0.557,0
3228.03,20,40.23,0.936,0,0.285,0
1717.42,9,0,0.851,0,0.179,0
2671.99,23,9.25,0.854,0,0.152,0
15466.77,0,20.93,0.844,0,0.122,0
3721.36,9,0,0.85,0,0.445,0
4455.75,2,8.31,0.95,0,0.152,0
2378.86,15,0,0.821,0,0.245,0
3278.4,21,17.92,0.692,0,0.436,0
1847.72,13,17.79,0.896,0,0.173,0
1002.82,9,33.34,0.664,0,0.329,0
6956.88,11,21.14,0.78,0,0.189,1
3329.7,19,29.63,0.901,1,0.041,1
16692.11,10,5.15,0.601,0,0.308,0
1588.85,3,26.75,0.704,0,0.162,0
644.75,22,22.9,0.802,0,0.293,0
460.63,9,1.26,0.627,0,0.544,0
1115.41,22,0,0.909,0,0.61,0
8061.69,14,0,0.798,0,0.212,0
964.9,16,0,0.807,0,0.493,0
1406.16,19,0,0.69,0,0.402,0
1751.82,12,8.27,0.871,0,0.206,0
1867.8,23,3.26,0.864,1,0.648,0
4643.75,11,0,0.868,0,0.301,0
6577.79,15,15.59,0.565,0,0.243,0
4842.66,14,7.98,0.865,0,0.293,0
1693.29,19,0,0.927,0,0.317,0
2329.62,8,6.06,0.749,0,0.151,0
3696.81,13,0,0.675,0,0.252,0
958.1,21,0,0.585,0,0.69,0
1829.54,14,19.98,0.857,0,0.259,0
7428.01,13,0,0.982,0,0.222,0
5519.12,0,20.8,0.915,0,0.038,0
929.59,8,13.27,0.89,0,0.345,0
1003.07,9,9.89,0.909,0,0.477,0
2319.22,22,8.46,0.738,0,0.101,0
1465.89,2,0,0.802,1,0.189,1
2177.76,21,9.62,0.497,0,0.076,0
645.04,18,2.26,0.483,0,0.236,0
316.1,11,0,0.932,0,0.222,0
1458.79,2,0,0.8,0,0.395,1
1610.78,22,11.79,0.669,0,0.52,0
81649.14,19,10.74,0.755,1,0.175,1
1542.28,22,7.52,0.969,0,0.474,0
3238.4,17,0,0.894,0,0.266,0
1418.58,16,12.14,0.846,0,0.509,0
2864.84,8,19.18,0.675,0,0.24,0
739.65,1,7.14,0.902,0,0.208,0
2378.16,22,11.52,0.939,0,0.549,0
5036.14,4,11.53,0.805,0,0.357,1
1527.9,4,26.86,0.51,0,0.346,0
2315.81,0,10.02,0.897,0,0.15,0
2017.65,11,15.35,0.686,0,0.148,0
3924.37,17,7.34,0.769,0,0.323,0
4132.38,21,25.92,0.686,0,0.009,0
1878.41,23,0,0.698,0,0.228,0
1030.58,18,42.19,0.872,1,0.227,0
554.12,19,0,0.707,0,0.592,0
2916.63,19,9.34,0.856,0,0.271,0
1965.48,23,35.26,0.675,1,0.078,0
499.56,17,9.36,0.715,0,0.214,0
5480.84,6,12.18,0.546,0,0.254,0
5360.39,8,19.96,0.859,0,0.225,0
1032.08,15,21.87,0.746,0,0.13,0
988.46,21,23.94,0.545,1,0.144,0
1786.61,10,1.82,0.801,0,0.339,0
5514.34,15,6.03,0.809,0,0.463,0
338.81,19,10.62,0.882,0,0.284,0
889.99,11,0,0.809,0,0.32,0
1443.51,15,31.85,0.809,0,0.085,0
682.69,8,25.76,0.628,0,0.322,0
1614.32,12,7.69,0.659,0,0.217,0
1063.89,11,18.66,0.379,0,0.185,0
2797.78,4,15.67,0.779,0,0.142,0
575.96,18,0,0.823,0,0.163,0
707.07,1,10.44,0.974,0,0.036,1
1126.19,20,10.37,0.706,0,0.473,0
3530.26,7,0,0.764,0,0.436,0
457.81,6,0,0.849,0,0.638,0
4997.41,15,0,0.622,0,0.466,0
3608.09,0,0,0.615,0,0.142,0
4483.33,10,27.37,0.773,0,0.559,0
814.5,5,50.18,0.816,0,0.092,0
850.35,10,0,0.846,0,0.096,0
1276.78,14,11.52,0.597,0,0.671,0
6980.09,9,11.53,0.809,0,0.259,0
1453.69,12,0,0.781,1,0.267,0
1678.12,19,0,0.951,0,0.273,0
596.67,16,20.33,0.948,0,0.28,0
1690.04,19,11.57,0.901,0,0.256,0
1055.39,21,10.06,0.924,0,0.345,0
1692.66,8,25.3,0.593,0,0.228,0
3464.64,8,42.02,0.574,0,0.554,0
474.55,7,18.02,0.791,0,0.098,0
3957.89,18,0,0.849,0,0.201,0
461.65,14,34.53,0.782,0,0.414,0
330.23,14,0,0.84,0,0.034,0
4387.04,22,0,0.8,0,0.151,0
3214.05,15,13.94,0.839,0,0.579,0
515.41,9,10.56,0.764,0,0.398,0
1682.25,14,12.15,0.81,0,0.443,0
1829.4,21,17.99,0.259,1,0.198,0
11754.04,2,9.56,0.752,1,0.463,1
1440.12,6,0,0.76,0,0.685,0
1564.7,11,0,0.71,0,0.207,0
418.96,7,15.9,0.882,0,0.354,0
1381.67,4,10.67,0.87,0,0.244,0
7983.02,9,0,0.596,1,0.171,0
6420.9,0,2.83,0.712,0,0.542,1
1280.41,2,0,0.777,0,0.227,0
1748.52,22,0,0.435,0,0.144,0
990.18,7,11.25,0.988,0,0.172,0
876.18,22,16.96,0.882,1,0.297,0
4273.91,13,19.39,0.938,0,0.444,0
1285.63,10,20.37,0.97,0,0.232,0
2770.8,2,16.93,0.789,0,0.41,1
548.69,19,0,0.969,0,0.105,0
1037.57,18,6.76,0.856,0,0.161,0
1301.42,3,8.4,0.44,1,0.23,0
1206.95,17,18.45,0.92,0,0.425,0
3000.1,20,0,0.773,0,0.127,0
7407.26,5,0,0.741,1,0.292,0
1910.04,9,0,0.412,0,0.343,0
1058.85,22,11.89,0.949,0,0.053,0
2580.22,7,1.26,0.823,1,0.304,1
3453.08,10,0,0.872,0,0.453,0
1121.22,15,0,0.966,0,0.296,0
443.99,18,46.86,0.64,0,0.201,0
1199.53,1,17.44,0.763,0,0.259,0
326.22,18,9.57,0.829,0,0.326,0
1630.57,16,17.8,0.948,0,0.141,0
1554.21,5,22.53,0.69,1,0.142,0
211.53,1,28.68,0.903,1,0.082,0
1477.94,18,0,0.824,0,0.12,0
1372.37,22,0,0.882,0,0.453,0
6636.4,7,16.32,0.837,0,0.091,0
6984.67,10,24.01,0.992,1,0.078,0
8855.92,13,0,0.788,1,0.044,0
672.02,4,0,0.775,0,0.029,0
714.44,13,24.61,0.774,0,0.199,0
2695.48,12,4.49,0.978,0,0.304,0
863.15,6,0.71,0.659,0,0.144,0
2836.67,18,17.82,0.813,0,0.316,0
6133.02,16,5.26,0.464,1,0.233,0
320.33,16,0,0.639,0,0.399,0
3163.78,15,3.04,0.901,0,0.139,0
3644.13,21,0,0.713,0,0.194,0
6852.56,6,0,0.799,0,0.164,0
417.03,0,0.72,0.798,0,0.35,0
6936.68,8,0,0.89,0,0.345,0
1099.28,9,15.7,0.608,0,0.084,0
3356.5,16,13.35,0.88,0,0.1,0
4451.35,19,0.72,0.383,0,0.182,0
1052.22,0,24.51,0.831,0,0.424,0
280.94,20,29.21,0.875,0,0.413,0
3070.53,16,0,0.706,0,0.226,0
2690.05,9,0,0.855,1,0.652,1
2796.69,10,0,0.602,0,0.204,0
109.22,8,0,0.588,0,0.493,0
1602.44,20,0,0.925,0,0.225,0
1104.14,20,0,0.935,1,0.267,0
574.54,9,22.44,0.839,0,0.375,1
2771.58,3,3.37,0.866,0,0.212,0
1617.6,2,0,0.976,0,0.129,0
1602.77,7,14.94,0.741,0,0.238,0
942.41,7,33.57,0.749,0,0.454,0
3954.99,14,0,0.841,0,0.319,0
4497.18,23,18.56,0.894,0,0.084,0
1153.21,7,0,0.892,0,0.254,0
5074.97,4,25.54,0.799,0,0.106,0
5854.54,19,24.15,0.845,0,0.174,0
2022.0,23,0.57,0.96,0,0.056,0
622.33,2,3.72,0.778,0,0.171,1
3506.74,4,2.48,0.884,1,0.22,0
1717.65,6,0,0.759,0,0.378,0
1048.62,19,36.71,0.934,0,0.594,0
3904.35,0,42.05,0.526,0,0.209,0
1367.22,8,19.16,0.919,0,0.097,0
2652.4,14,9.05,0.741,0,0.174,0
12709.82,22,5.96,0.864,0,0.398,1
2207.07,10,0,0.65,1,0.218,0
9983.84,22,21.7,0.839,0,0.601,1
1171.54,17,27.35,0.888,0,0.147,0
3190.66,2,0,0.792,1,0.483,1
1610.05,3,0,0.787,0,0.088,0
2211.24,7,35.81,0.683,0,0.32,0
1714.85,19,1.15,0.845,0,0.308,0
3178.25,12,3.96,0.874,1,0.261,0
294.42,0,15.78,0.73,0,0.182,0
1140.15,20,0.35,0.904,0,0.549,0
5828.11,15,56.99,0.897,0,0.201,0
304.78,9,11.25,0.473,0,0.269,0
1209.24,0,0,0.686,0,0.579,0
872.04,22,19.51,0.867,0,0.256,0
3723.01,12,26.81,0.758,1,0.397,0
495.0,17,0,0.624,0,0.264,0
356.73,7,0,0.672,0,0.078,0
1768.25,2,15.58,0.747,0,0.326,0
5482.62,11,14.03,0.766,0,0.442,0
904.2,23,28.23,0.769,1,0.378,0
2954.99,18,17.58,0.949,0,0.416,0
388.79,23,0,0.741,0,0.346,0
13901.89,18,3.38,0.948,0,0.362,0
4352.82,23,0.82,0.899,0,0.253,0
5004.0,7,0,0.796,0,0.072,0
2513.38,16,0,0.959,0,0.319,0
422.8,10,26.49,0.739,0,0.125,0
1337.49,21,17.02,0.663,0,0.047,0
869.42,22,0,0.982,0,0.249,0
1431.5,14,9.76,0.884,0,0.394,0
9798.86,18,31.03,0.777,0,0.163,0
512.13,9,4.61,0.762,0,0.084,0
1558.39,23,42.75,0.888,0,0.323,0
1142.95,7,0,0.942,0,0.257,0
455.08,15,0,0.726,0,0.2,0
8298.05,4,22.93,0.675,0,0.264,1
1325.24,1,2.95,0.775,1,0.373,0
6611.26,7,0,0.936,0,0.347,0
4336.93,16,0,0.548,0,0.2,0
1980.07,12,11.07,0.946,0,0.392,0
1815.0,23,16.27,0.987,0,0.328,0
2822.29,10,15.4,0.862,0,0.119,0
1001.04,1,22.95,0.836,0,0.383,0
2542.67,20,8.43,0.881,0,0.225,0
1410.91,15,0,0.765,0,0.494,0
2547.78,12,9.64,0.775,1,0.254,0
607.66,20,1.9,0.673,0,0.15,0
1636.84,9,0,0.951,0,0.043,0
1391.42,21,19.69,0.635,0,0.582,0
6606.89,19,12.28,0.742,0,0.204,0
3186.07,5,0,0.656,0,0.451,0
3298.96,9,33.83,0.547,0,0.562,0
4172.02,18,14.52,0.847,0,0.022,0
1502.91,1,13.62,0.796,0,0.223,0
2836.36,6,0,0.816,0,0.493,0
3117.98,22,32.76,0.633,0,0.358,0
4824.77,6,0,0.682,0,0.218,0
4242.28,5,15.98,0.74,0,0.358,0
813.25,3,0,0.865,0,0.275,0
620.1,4,0,0.553,0,0.439,0
482.25,0,0,0.836,0,0.191,1
788.86,16,5.16,0.648,1,0.598,0
7430.88,21,20.21,0.754,0,0.635,0
5067.7,15,22.13,0.821,0,0.701,0
3517.04,5,14.37,0.827,0,0.194,0
1240.11,9,38.33,0.591,0,0.316,0
7932.03,12,24.65,0.785,0,0.435,0
472.35,21,18.29,0.934,0,0.419,0
13103.47,4,26.05,0.728,0,0.144,1
1685.07,8,2.34,0.759,0,0.227,0
3532.51,10,10.34,0.838,1,0.171,0
1395.95,21,12.16,0.768,0,0.095,0
86.67,16,0,0.716,0,0.525,0
1644.24,2,0,0.838,0,0.588,0
31847.24,23,23.33,0.896,0,0.651,1
3717.55,14,29.65,0.677,0,0.589,0
1763.02,17,11.99,0.939,1,0.376,0
4938.35,17,10.3,0.709,0,0.179,0
1623.64,14,21.88,0.694,0,0.208,0
1762.04,19,0,0.484,0,0.089,0
1211.2,7,0,0.718,0,0.473,0
1808.57,2,0,0.908,0,0.218,1
4310.81,9,16.01,0.899,1,0.101,0
3315.55,20,21.48,0.772,0,0.348,0
1176.36,2,0,0.805,0,0.022,0
868.94,23,19.57,0.941,0,0.375,0
3345.39,3,6.34,0.621,0,0.538,0
2037.49,16,12.61,0.942,0,0.089,0
296.91,6,6.53,0.618,1,0.281,0
616.63,18,14.21,0.855,0,0.127,0
753.87,12,12.06,0.747,0,0.232,0
3135.43,12,17.77,0.634,0,0.129,0
666.64,0,9.62,0.648,0,0.486,0
1680.75,3,7.36,0.815,1,0.481,0
419.44,15,0,0.713,0,0.682,0
2635.69,17,12.37,0.622,0,0.194,0
171.55,7,0.96,0.768,0,0.447,0
978.41,11,0,0.866,0,0.285,0
1739.41,8,6.17,0.743,0,0.188,0
6102.62,2,24.75,0.659,0,0.053,0
1274.24,23,16.23,0.806,0,0.814,1
299.21,8,0,0.78,0,0.198,0
4764.96,8,0,0.752,0,0.462,0
15699.07,18,0,0.731,0,0.284,1
794.73,22,28.16,0.726,0,0.465,0
1655.69,0,4.66,0.671,0,0.102,0
3795.4,10,0,0.744,0,0.129,0
868.2,21,12.79,0.817,0,0.245,0
3434.46,21,0,0.977,0,0.341,0
611.49,18,4.1,0.916,0,0.305,0
939.85,5,19.57,0.717,0,0.276,0
5212.07,20,0,0.643,0,0.532,0
2807.05,13,14.4,0.717,0,0.081,0
2212.35,9,19.99,0.799,0,0.565,0
1726.7,21,30.64,0.859,0,0.159,0
3759.68,18,13.21,0.788,0,0.29,0
1389.57,21,7.06,0.977,0,0.024,0
5092.62,1,0,0.737,0,0.326,0
4315.25,16,4.88,0.623,0,0.332,0
122.9,10,0,0.678,0,0.137,0
3455.42,10,17.93,0.959,0,0.568,0
33344.03,11,24.16,0.336,0,0.357,1
417.07,4,38.22,0.84,0,0.219,0
399.77,6,0,0.878,0,0.331,0
1052.38,7,28.12,0.838,1,0.173,0
2912.42,20,17.25,0.949,0,0.395,0
902.32,12,41.89,0.925,0,0.246,0
3224.24,13,0,0.455,0,0.254,0
512.95,5,1.58,0.876,0,0.147,0
9572.34,17,14.16,0.522,0,0.484,0
2328.14,18,34.32,0.886,1,0.226,0
1095.45,1,0,0.577,0,0.203,0
955.94,15,17.48,0.823,0,0.171,0
899.46,0,13.84,0.776,0,0.425,1
4836.56,6,26.39,0.662,0,0.327,0
6664.38,18,17.44,0.594,1,0.031,0
3078.46,23,48.8,0.522,0,0.178,0
19340.9,19,0,0.853,0,0.353,0
1762.84,8,0,0.764,0,0.159,0
538.58,13,0,0.807,0,0.317,0
1410.8,6,44.72,0.872,0,0.404,0
113.13,11,7.89,0.871,0,0.056,0
1481.92,13,23.3,0.866,0,0.367,0
979.3,10,32.18,0.851,0,0.388,0
3654.33,10,14.91,0.883,0,0.863,0
3799.52,10,11.8,0.423,1,0.289,0
6706.67,19,0,0.897,0,0.271,0
4945.12,18,0,0.781,0,0.501,0
2171.29,18,16.48,0.914,0,0.125,0
539.4,6,0,0.797,0,0.051,0
707.52,23,11.1,0.807,0,0.068,0
897.42,2,0,0.739,0,0.505,0
1849.42,23,0,0.7,0,0.253,0
2268.52,3,0,0.837,1,0.157,0
1986.83,8,1.43,0.645,0,0.297,0
2089.04,18,10.62,0.575,0,0.512,0
2460.12,20,5.39,0.757,0,0.404,0
1026.99,20,0,0.591,0,0.283,0
8811.32,16,13.58,0.667,0,0.612,0
778.16,17,6.48,0.877,0,0.314,0
492.34,23,9.12,0.827,0,0.248,0
987.63,23,4.96,0.773,0,0.232,1
734.17,7,10.5,0.87,0,0.438,0
351.65,4,25.36,0.933,0,0.055,0
1851.12,6,0,0.922,0,0.397,0
6126.23,2,0,0.857,0,0.202,0
1008.55,14,7.69,0.878,0,0.403,0
2470.23,9,7.89,0.928,0,0.397,0
2962.52,15,0.14,0.716,0,0.363,0
654.69,16,0,0.764,0,0.15,0
9239.94,12,15.89,0.934,0,0.328,0
575.83,9,6.65,0.841,0,0.383,0
1330.01,0,18.06,0.499,0,0.195,0
1037.39,13,0,0.95,0,0.291,0
7903.71,15,0,0.974,0,0.125,0
1142.57,3,32.16,0.851,0,0.21,0
3077.86,22,5.03,0.653,0,0.137,0
54.89,5,0,0.898,0,0.167,0
5660.7,12,11.2,0.66,0,0.251,0
2030.83,16,0,0.932,1,0.56,0
3008.54,22,0,0.86,0,0.111,0
2535.93,8,18.44,0.688,0,0.275,0
171.08,13,26.15,0.733,0,0.058,0
2154.38,9,19.35,0.63,1,0.16,0
1202.05,6,31.8,0.706,0,0.781,0
813.38,19,36.49,0.779,0,0.354,0
1488.97,5,11.33,0.85,0,0.209,0
960.89,15,31.02,0.727,0,0.141,0
1605.12,20,25.52,0.884,0,0.569,0
2039.23,15,12.24,0.514,0,0.154,0
516.95,4,21.18,0.704,0,0.261,0
1379.15,18,0,0.642,0,0.374,0
1186.29,5,0,0.691,0,0.439,0
421.61,11,2.42,0.563,0,0.226,0
2307.01,23,37.6,0.862,0,0.185,0
3345.37,5,16.76,0.97,0,0.216,0
875.11,12,0,0.858,0,0.5,0
162.05,19,0.8,0.7,0,0.096,0
1107.82,16,9.16,0.735,0,0.094,0
875.61,20,0,0.638,0,0.152,0
560.16,1,24.98,0.731,0,0.322,0
3002.09,7,0,0.673,1,0.288,0
228.44,13,8.39,0.575,0,0.392,0
1606.68,10,0,0.861,1,0.062,0
21861.4,8,0,0.752,0,0.169,0
2324.44,10,27.96,0.482,1,0.429,1
2956.16,20,7.56,0.966,0,0.045,0
647.7,5,16.32,0.803,0,0.227,0
2098.2,1,9.36,0.845,0,0.171,0
1035.6,19,0,0.934,0,0.267,0
903.86,21,11.31,0.87,0,0.506,0
1166.09,13,11.94,0.89,0,0.165,0
3844.4,3,0,0.637,0,0.106,0
1837.64,8,2.39,0.921,0,0.157,0
1828.02,1,30.99,0.704,0,0.207,0
316.04,11,3.03,0.849,0,0.492,0
31824.64,11,31.01,0.608,0,0.211,0
254.56,10,13.22,0.827,0,0.311,0
9247.04,21,0,0.602,0,0.078,0
1243.78,9,0,0.717,0,0.192,0
1335.71,17,24.69,0.734,0,0.35,0
2777.07,2,0,0.771,0,0.218,0
4470.8,16,0,0.941,0,0.491,0
482.01,1,31.04,0.723,0,0.156,0
2208.3,16,12.84,0.632,0,0.448,0
149.86,4,6.72,0.866,0,0.381,0
4025.01,20,0,0.654,0,0.232,0
3615.74,14,13.76,0.837,1,0.522,0
4365.16,20,0,0.74,0,0.401,0
1295.96,16,37.46,0.618,0,0.148,0
1216.66,5,20.5,0.679,0,0.354,0
991.78,1,31.75,0.563,0,0.177,0
5068.99,12,0,0.827,0,0.161,0
741.0,11,0,0.859,1,0.156,0
28045.2,4,14.11,0.532,0,0.497,1
745.69,17,0.06,0.707,0,0.223,0
1027.43,12,25.02,0.395,1,0.394,0
9953.54,13,0,0.966,0,0.176,0
1814.61,9,23.46,0.651,0,0.19,0
405.34,14,1.68,0.804,0,0.251,0
3369.66,13,34.31,0.95,0,0.646,0
954.07,10,17.76,0.803,0,0.094,0
675.63,21,21.4,0.694,0,0.31,0
873.8,6,0,0.764,0,0.445,0
1563.88,4,3.12,0.922,0,0.375,0
1299.18,0,10.48,0.732,0,0.153,0
922.4,10,11.11,0.678,0,0.067,0
2378.0,14,47.03,0.619,0,0.251,0
2224.98,14,10.63,0.847,0,0.385,0
420.51,18,9.76,0.796,0,0.368,0
4680.89,23,33.41,0.626,0,0.117,0
351.4,12,9.15,0.971,0,0.197,0
4552.77,4,6.69,0.784,0,0.439,0
644.58,18,27.1,0.579,0,0.524,0
3285.23,14,8.42,0.78,0,0.457,0
4947.48,12,6.77,0.843,0,0.612,0
1337.3,23,11.37,0.787,0,0.507,0
1078.16,23,0,0.675,0,0.298,0
3026.69,21,4.66,0.79,0,0.069,0
2106.08,15,12.94,0.881,0,0.113,0
1084.86,4,12.19,0.629,0,0.32,0
814.51,5,0,0.841,0,0.124,0
1850.35,0,24.82,0.898,0,0.195,0
3463.98,15,11.73,0.877,0,0.326,0
6404.39,1,0,0.691,0,0.309,0
1977.88,12,0,0.944,1,0.139,0
867.45,18,2.73,0.99,0,0.257,0
2451.45,4,10.38,0.783,0,0.135,0
11997.32,13,0,0.633,0,0.311,0
6829.35,22,18.71,0.811,0,0.12,0
3893.82,21,27.38,0.652,0,0.519,0
1204.62,10,15.78,0.921,0,0.386,0
2495.42,21,16.65,0.944,0,0.572,0
14893.83,10,27.15,0.875,0,0.392,0
6448.33,5,0,0.854,0,0.117,0
406.9,6,23.33,0.786,0,0.081,0
828.03,4,0,0.524,0,0.262,0
854.71,19,23.66,0.854,0,0.448,0
599.47,4,23.59,0.497,0,0.442,0
1074.87,12,1.87,0.829,0,0.192,0
1719.4,4,8.91,0.736,0,0.29,0
1282.12,1,30.93,0.877,0,0.382,0
6591.48,15,3.83,0.937,0,0.143,0
3702.93,15,24.01,0.73,0,0.259,0
1843.6,12,7.81,0.755,0,0.371,0
593.78,7,0,0.824,0,0.355,0
414.88,23,34.6,0.7,0,0.316,0
2539.69,12,12.46,0.931,1,0.38,0
997.59,23,21.1,0.651,0,0.123,0
360.31,3,28.56,0.915,0,0.782,0
779.5,15,0,0.946,0,0.298,0
388.91,17,21.77,0.518,0,0.337,0
1552.94,18,19.7,0.763,1,0.281,0
467.8,10,11.89,0.954,0,0.234,0
5657.09,1,0,0.768,1,0.507,0
1148.05,6,10.21,0.567,0,0.147,0
1239.94,13,13.0,0.793,0,0.131,0
2072.48,23,0,0.582,0,0.446,0
3113.59,16,15.07,0.727,0,0.29,0
1519.75,2,11.46,0.899,0,0.281,0
1826.8,8,24.81,0.822,0,0.251,0
1053.83,17,11.01,0.672,0,0.068,0
861.21,4,5.78,0.357,0,0.276,1
1310.57,13,9.55,0.671,0,0.255,0
1169.45,1,6.82,0.761,0,0.163,0
7089.17,3,8.29,0.714,0,0.346,0
3364.56,0,4.23,0.839,0,0.225,0
649.09,17,2.66,0.838,1,0.12,0
261.41,14,11.18,0.774,0,0.264,0
2318.29,7,1.1,0.732,0,0.626,0
382.6,9,7.42,0.522,0,0.298,0
422.24,4,0,0.674,0,0.168,0
1313.92,2,19.67,0.874,0,0.181,0
2707.11,20,25.32,0.862,0,0.373,0
460.0,18,0,0.715,0,0.354,0
6947.94,4,4.04,0.976,0,0.294,1
391.52,20,0,0.739,1,0.546,0
2706.01,6,0,0.882,0,0.348,0
676.4,1,28.29,0.937,0,0.444,0
1247.05,6,0,0.813,0,0.34,0
717.59,11,8.4,0.965,1,0.367,0
1597.37,4,0,0.893,0,0.166,0
619.0,19,35.18,0.795,0,0.38,0
3670.97,11,4.62,0.915,0,0.139,0
188.16,16,0,0.955,0,0.371,0
4812.56,0,9.25,0.653,1,0.134,0
11120.13,17,0,0.827,0,0.148,0
7128.29,13,0,0.782,0,0.114,0
778.94,23,9.61,0.98,0,0.202,0
11084.26,12,41.71,0.93,0,0.134,0
6780.8,14,1.84,0.87,0,0.23,0
7690.76,14,0,0.709,0,0.209,0
377.02,8,0,0.714,0,0.103,0
1895.25,11,18.65,0.979,0,0.416,1
1391.04,13,17.38,0.68,0,0.233,0
16731.65,5,20.15,0.924,0,0.342,1
628.16,21,0,0.782,0,0.226,0
111.25,14,0,0.786,0,0.439,0
7178.15,4,0.22,0.785,0,0.395,0
853.12,16,42.25,0.943,0,0.138,0
681.39,22,7.64,0.429,0,0.338,0
4371.57,16,17.03,0.916,0,0.216,0
4732.29,15,0,0.685,0,0.38,0
4996.11,21,0,0.855,1,0.454,0
619.39,18,0,0.646,0,0.284,0
4463.87,22,0,0.651,0,0.023,0
9100.71,9,10.49,0.625,0,0.156,0
914.57,18,17.99,0.637,0,0.709,0
234.13,9,26.74,0.893,0,0.289,0
3122.95,9,0.42,0.864,0,0.398,0
1662.99,12,25.32,0.882,0,0.332,0
119.22,5,20.88,0.722,0,0.295,0
658.63,21,14.12,0.965,0,0.434,0
2503.23,12,10.56,0.891,0,0.28,0
1087.46,10,0.18,0.798,0,0.521,0
5659.31,22,17.9,0.594,0,0.226,0
698.73,21,5.04,0.838,0,0.324,0
4109.9,23,1.7,0.942,0,0.158,0
9260.36,17,4.37,0.487,0,0.336,0
3794.57,15,15.92,0.549,0,0.654,0
19562.02,20,0,0.811,0,0.574,0
2421.77,6,21.93,0.668,0,0.456,0
2543.32,9,6.72,0.814,0,0.231,0
10392.24,6,7.11,0.656,0,0.047,0
916.02,22,0,0.57,0,0.193,0
665.91,7,1.24,0.819,0,0.32,0
15076.84,2,19.02,0.913,0,0.341,0
2603.6,5,29.32,0.575,0,0.118,0
1401.69,18,0,0.828,0,0.365,0
5985.73,20,5.64,0.775,0,0.293,0
1542.6,4,0,0.918,0,0.545,0
2001.6,14,19.6,0.645,1,0.281,0
657.88,13,1.78,0.824,0,0.436,0
2551.09,8,15.04,0.535,0,0.278,0
20059.12,16,0,0.719,0,0.346,1
7036.49,7,3.47,0.517,0,0.337,0
590.34,10,0,0.683,0,0.391,0
616.79,6,27.49,0.875,0,0.281,0
3793.57,5,15.35,0.939,0,0.037,0
2133.85,6,0,0.927,0,0.193,0
9985.23,18,0,0.835,0,0.215,0
4253.31,18,0,0.894,0,0.315,0
2237.14,1,9.4,0.918,0,0.1,0
2845.01,1,38.07,0.735,0,0.523,0
7027.16,20,4.26,0.945,0,0.281,0
2263.84,22,0,0.92,0,0.189,0
4077.91,20,0,0.58,0,0.075,0
724.99,12,0,0.989,1,0.427,0
781.87,0,0,0.958,0,0.164,0
4700.15,2,21.89,0.862,0,0.105,0
1422.34,9,3.6,0.774,0,0.07,0
1929.86,1,10.76,0.692,0,0.377,0
899.96,3,3.88,0.962,0,0.303,0
3077.04,14,0,0.915,1,0.333,0
1781.4,23,17.43,0.826,0,0.577,0
765.74,12,25.73,0.972,0,0.132,0
4229.86,21,0,0.811,0,0.081,1
981.2,17,0,0.769,0,0.266,0
2752.96,21,41.36,0.806,1,0.28,0
6695.0,7,17.69,0.686,0,0.046,0
571.06,2,18.38,0.63,0,0.205,0
6647.21,17,0,0.627,0,0.044,0
8441.78,3,13.53,0.622,0,0.465,1
2744.92,3,0,0.89,0,0.479,0
772.89,5,9.96,0.834,0,0.319,0
1975.77,7,0,0.85,0,0.125,0
740.46,21,21.59,0.808,0,0.362,0
3917.12,22,8.39,0.837,0,0.358,1
1439.84,3,14.01,0.849,0,0.139,0
4059.49,5,13.65,0.879,0,0.141,0
149.36,8,0,0.743,0,0.067,0
1148.33,3,12.76,0.804,0,0.343,0
661.0,6,4.51,0.682,0,0.607,1
1309.99,8,0,0.598,0,0.042,0
349.97,4,34.46,0.731,0,0.323,0
658.04,13,23.62,0.729,0,0.367,0
5168.12,15,9.3,0.962,0,0.171,0
2567.56,16,28.8,0.635,0,0.545,0
1345.81,19,2.93,0.855,0,0.247,0
1381.92,5,8.6,0.461,0,0.392,0
4371.31,5,36.91,0.859,0,0.509,0
2253.67,18,10.36,0.99,0,0.369,0
7079.14,17,19.73,0.978,0,0.203,0
1000.46,21,16.45,0.797,0,0.364,0
2520.99,11,17.8,0.816,0,0.499,0
1152.83,11,9.94,0.772,0,0.561,0
21049.15,13,0,0.705,0,0.314,0
11408.83,18,0,0.874,0,0.529,0
1351.76,0,0,0.861,1,0.109,0
376.07,10,50.98,0.817,0,0.405,0
1393.57,7,27.96,0.91,0,0.278,0
908.63,16,14.74,0.704,0,0.597,0
811.59,9,9.78,0.669,0,0.632,0
627.25,13,0,0.803,0,0.242,0
7173.07,19,8.14,0.844,0,0.181,0
1349.22,1,0,0.829,1,0.408,0
486.38,14,2.34,0.587,0,0.2,0
5955.19,9,0,0.945,1,0.27,0
3767.06,19,3.7,0.889,0,0.17,0
5473.86,19,4.08,0.78,0,0.209,0
1094.46,4,12.84,0.775,0,0.544,0
4846.52,15,9.54,0.767,0,0.385,0
3054.6,22,0,0.726,0,0.56,1
1700.4,21,7.61,0.817,0,0.451,0
1327.28,11,0,0.809,0,0.065,0
1325.02,18,40.65,0.669,0,0.04,0
846.15,6,0,0.759,0,0.216,0
1304.67,9,0,0.842,0,0.685,0
1072.61,1,0,0.69,0,0.359,0
1712.25,22,8.74,0.558,0,0.627,0
1505.04,23,0.78,0.792,0,0.556,0
13294.96,6,13.42,0.879,0,0.203,0
355.38,22,1.02,0.986,0,0.434,0
2679.69,5,1.93,0.816,0,0.43,1
856.23,10,7.9,0.982,0,0.291,0
1251.45,22,15.94,0.888,0,0.285,0
422.67,23,31.39,0.72,0,0.055,0
4248.01,17,0,0.687,1,0.482,0
1163.28,12,0,0.867,0,0.203,0
3914.02,22,28.05,0.788,0,0.276,0
5596.52,13,0,0.849,0,0.018,0
3210.18,23,0,0.679,0,0.39,0
2107.85,7,11.35,0.763,0,0.307,0
2411.52,17,12.5,0.435,0,0.336,0
1137.15,14,11.28,0.718,0,0.132,0
1765.55,8,0,0.88,0,0.374,0
2671.71,11,18.38,0.767,0,0.172,0
829.57,16,26.01,0.858,0,0.209,0
2081.19,1,0,0.792,0,0.268,0
8151.58,1,0,0.79,0,0.361,0
232.76,5,3.95,0.921,0,0.19,0
463.99,2,13.96,0.68,0,0.263,0
1427.66,23,0,0.508,0,0.417,0
1952.23,21,4.94,0.818,0,0.238,0
197.05,7,0,0.791,0,0.129,0
5371.79,1,0,0.933,0,0.533,1
36794.73,14,31.7,0.952,0,0.419,0
1734.45,19,14.34,0.876,1,0.142,0
1334.02,14,1.41,0.882,0,0.355,0
10914.89,1,0.66,0.825,0,0.514,0
4009.7,1,0,0.835,0,0.041,0
3982.17,13,5.63,0.721,0,0.163,0
6366.02,8,12.74,0.878,0,0.206,0
565.92,20,10.66,0.911,0,0.308,0
69.75,23,16.64,0.532,0,0.3,0
1526.66,6,31.29,0.501,0,0.209,0
788.41,8,0,0.827,0,0.131,0
5023.06,7,40.01,0.7,0,0.359,0
1244.97,13,13.69,0.762,1,0.149,0
3763.97,10,0,0.93,0,0.049,0
7214.03,12,33.04,0.877,0,0.218,0
1015.61,12,6.2,0.82,0,0.393,0
1920.99,10,12.41,0.988,0,0.214,0
2880.07,16,4.34,0.712,0,0.192,0
8095.69,23,9.81,0.694,0,0.331,0
845.86,16,0,0.955,0,0.477,0
518.45,23,1.93,0.604,0,0.649,0
711.1,2,24.08,0.907,0,0.02,0
884.57,1,37.55,0.696,0,0.124,0
564.48,1,0,0.959,0,0.401,0
1007.63,9,9.54,0.379,0,0.197,0
139.66,17,9.16,0.705,0,0.339,0
3275.69,21,0,0.924,0,0.163,0
2630.69,9,7.12,0.917,0,0.172,0
1041.67,15,27.53,0.696,0,0.327,0
1699.45,0,0,0.835,0,0.468,0
814.08,11,1.27,0.825,0,0.369,0
277.1,13,13.59,0.756,1,0.138,0
2191.01,19,23.95,0.793,0,0.484,0
1675.04,22,12.39,0.727,0,0.295,0
1649.85,18,3.03,0.689,1,0.392,0
309.78,23,0,0.856,0,0.453,0
941.49,21,0,0.795,1,0.383,0
1655.78,7,5.95,0.671,0,0.399,0
1717.64,2,13.34,0.649,0,0.244,0
2537.79,21,0,0.84,0,0.328,0
3890.65,22,0,0.915,0,0.14,0
5822.05,5,0,0.687,0,0.281,0
4227.8,23,0,0.84,0,0.235,0
1179.85,23,24.61,0.77,0,0.088,0
2938.4,20,1.38,0.841,0,0.343,0
1129.91,0,6.26,0.874,0,0.278,0
8410.45,22,46.48,0.843,0,0.018,0
219.31,0,4.05,0.824,0,0.637,0
847.32,10,0,0.808,0,0.105,0
2612.0,22,11.94,0.969,0,0.257,0
4645.57,14,0,0.866,0,0.292,0
972.22,5,24.63,0.743,0,0.079,0
900.99,14,2.02,0.905,0,0.187,0
479.41,15,17.08,0.73,0,0.492,0
1072.26,4,0.44,0.695,0,0.165,0
3042.15,18,17.36,0.922,0,0.204,0
7811.42,5,37.28,0.705,0,0.108,0
1290.58,4,23.65,0.747,0,0.277,0
2065.61,17,24.15,0.881,0,0.1,0
7266.14,15,8.52,0.838,0,0.29,0
6981.16,1,0,0.634,0,0.299,1
982.51,7,14.78,0.843,0,0.046,0
903.26,22,7.99,0.788,0,0.086,0
3483.1,22,4.75,0.915,0,0.353,0
1245.54,16,0,0.874,0,0.073,0
2753.98,11,22.35,0.838,0,0.168,0
426.41,17,11.63,0.87,0,0.16,0
1259.94,0,0,0.832,0,0.161,0
2112.47,18,0,0.749,0,0.248,0
2619.51,13,1.94,0.832,0,0.337,0
494.98,2,6.49,0.946,0,0.031,0
852.39,6,0,0.913,0,0.114,0
2932.04,14,55.25,0.856,0,0.599,0
4457.24,17,9.39,0.949,0,0.319,0
3248.85,4,19.3,0.838,0,0.287,0
1293.33,3,0,0.642,1,0.501,0
2046.25,16,0,0.882,0,0.37,0
1514.23,12,0,0.929,0,0.387,0
3503.04,9,0,0.692,0,0.291,0
2847.0,7,17.1,0.873,0,0.437,0
2299.85,8,0,0.74,0,0.323,0
13557.97,18,22.69,0.96,0,0.196,1
991.47,15,16.8,0.842,0,0.067,0
1835.14,8,0,0.886,0,0.24,0
1361.26,21,0,0.665,0,0.198,0
892.83,8,17.87,0.757,0,0.159,0
16608.82,17,42.52,0.925,0,0.217,0
2062.0,8,22.99,0.695,0,0.223,0
842.94,16,7.67,0.918,0,0.263,0
6664.85,10,5.79,0.951,0,0.107,0
8445.29,2,0,0.809,0,0.142,0
1524.64,9,7.3,0.958,0,0.188,0
1384.17,8,27.75,0.348,0,0.332,0
8617.72,21,0,0.603,0,0.316,0
1929.61,1,0,0.68,0,0.502,0
5190.61,1,0,0.894,0,0.4,1
1406.4,17,0,0.739,0,0.161,0
1531.03,13,0,0.885,0,0.11,0
4205.74,21,0,0.512,0,0.174,0
2912.97,19,0.48,0.809,0,0.316,0
2706.2,17,0,0.706,0,0.418,0
16305.57,13,0,0.787,0,0.572,0
904.31,14,9.48,0.803,0,0.456,0
1300.62,15,3.27,0.873,0,0.193,0
2750.45,19,26.34,0.588,0,0.237,0
405.54,14,8.15,0.862,0,0.209,0
5778.15,7,0,0.646,0,0.502,0
2060.36,15,7.9,0.876,0,0.327,0
2175.47,16,25.07,0.731,0,0.113,0
3739.23,12,1.75,0.862,0,0.085,0
3552.06,6,20.84,0.733,0,0.102,0
1987.04,20,0.3,0.669,0,0.348,0
470.72,16,23.07,0.796,0,0.336,0
987.73,1,0.26,0.782,0,0.152,1
3383.68,23,10.86,0.931,0,0.246,0
3833.56,2,3.84,0.788,0,0.155,0
4116.63,23,0,0.766,0,0.262,0
501.69,1,0,0.68,0,0.196,0
891.51,17,16.43,0.924,0,0.161,0
5966.27,16,11.28,0.852,0,0.465,0
1227.11,1,23.01,0.723,0,0.235,0
6503.77,21,36.08,0.635,0,0.561,0
5480.02,4,38.22,0.802,0,0.206,1
1005.91,14,4.72,0.776,0,0.401,0
1258.15,7,0,0.879,0,0.079,0
3230.21,4,5.72,0.794,0,0.429,0
4565.4,20,5.69,0.796,0,0.197,0
1897.59,11,31.39,0.867,0,0.384,0
4018.15,23,18.06,0.529,0,0.098,0
4340.09,20,14.61,0.788,1,0.428,1
520.04,9,19.29,0.88,1,0.348,0
4022.69,3,18.61,0.646,0,0.262,0
2248.15,14,18.91,0.583,0,0.541,0
756.71,10,19.45,0.851,0,0.515,0
3302.23,11,10.7,0.501,1,0.168,0
1721.29,0,0,0.807,0,0.208,0
1675.94,3,0,0.588,0,0.297,0
1336.65,6,30.41,0.908,0,0.265,0
4745.67,15,36.29,0.933,0,0.499,0
2531.0,16,30.46,0.871,0,0.303,0
1842.02,3,0,0.662,0,0.372,0
649.15,2,13.24,0.684,0,0.258,0
1354.61,14,24.57,0.906,0,0.164,0
2679.93,6,18.55,0.842,1,0.372,0
2511.95,22,15.85,0.605,1,0.183,0
5384.17,7,7.6,0.962,0,0.372,0
937.97,15,14.37,0.912,0,0.296,0
3494.51,1,15.46,0.872,0,0.299,0
2391.85,20,5.86,0.78,0,0.075,0
798.35,14,24.22,0.803,1,0.582,0
1320.09,1,3.16,0.777,0,0.298,0
1061.85,10,16.01,0.936,0,0.046,0
1538.01,9,4.79,0.698,0,0.363,0
2913.62,8,8.23,0.75,0,0.351,0
9308.98,1,0,0.903,0,0.45,0
1801.4,6,10.31,0.785,1,0.113,0
5231.13,0,35.08,0.882,0,0.208,1
1991.52,3,25.02,0.826,1,0.394,0
3212.72,0,8.83,0.893,0,0.112,0
1176.5,13,8.68,0.938,0,0.436,0
562.23,5,17.49,0.93,1,0.377,0
5827.15,21,9.03,0.715,0,0.363,0
703.38,23,0,0.616,0,0.587,0
1039.77,23,0,0.848,0,0.308,0
2352.28,3,13.4,0.799,0,0.479,0
8106.52,12,0,0.69,0,0.215,0
994.23,4,30.34,0.85,0,0.582,0
1233.16,21,0,0.881,0,0.568,0
1168.0,16,17.79,0.76,0,0.151,0
534.09,8,0,0.696,1,0.328,0
2933.47,1,1.69,0.774,0,0.407,0
4062.76,8,0,0.908,0,0.51,0
1809.5,11,0,0.818,1,0.388,0
2306.84,0,0,0.888,0,0.414,0
9349.44,5,31.34,0.664,0,0.141,0
5934.42,23,0,0.908,0,0.223,0
449.34,5,9.63,0.851,0,0.171,0
822.48,14,0,0.549,0,0.123,0
8522.79,8,0,0.686,0,0.209,0
850.55,23,0.96,0.755,0,0.13,0
2745.85,21,0,0.856,0,0.105,0
1224.75,16,21.57,0.918,0,0.073,0
1911.31,22,0,0.771,0,0.037,0
478.8,3,14.89,0.739,0,0.204,0
747.82,14,51.84,0.766,0,0.591,0
1192.26,7,1.52,0.771,0,0.246,0
2244.75,8,6.17,0.92,0,0.393,0
3305.25,17,4.74,0.954,0,0.065,0
1638.96,13,24.87,0.939,0,0.289,0
6205.85,3,27.99,0.699,0,0.063,1
8018.24,20,6.64,0.938,0,0.076,0
1352.16,4,2.24,0.821,0,0.469,0
174.33,14,26.3,0.971,0,0.246,0
402.89,22,0,0.657,0,0.36,0
9934.84,23,38.46,0.886,0,0.392,0
912.44,8,34.33,0.52,0,0.431,0
1269.46,23,9.59,0.947,0,0.359,0
934.22,19,0,0.691,0,0.136,0
939.36,10,12.35,0.67,0,0.15,0
1413.6,21,0,0.612,1,0.406,0
3304.34,15,21.71,0.796,0,0.087,0
542.78,15,21.3,0.86,0,0.403,0
1967.43,2,13.06,0.729,0,0.15,0
3172.0,18,0,0.904,0,0.021,0
888.15,18,14.28,0.655,0,0.322,0
6113.77,13,17.58,0.759,0,0.233,0
449.91,14,0,0.755,0,0.631,0
1237.76,8,21.81,0.824,0,0.631,0
1077.6,23,22.01,0.725,0,0.537,0
865.11,4,56.94,0.869,0,0.132,0
349.8,4,0,0.864,0,0.175,0
18213.87,13,14.91,0.992,0,0.377,0
1627.17,21,35.29,0.945,0,0.284,0
1375.94,19,0,0.6,0,0.432,0
1481.41,11,1.38,0.543,0,0.36,0
3773.04,0,21.95,0.87,0,0.242,1
692.49,23,0,0.965,0,0.153,0
779.07,2,0.63,0.759,0,0.531,0
1530.55,3,0,0.681,1,0.079,0
2397.11,13,0,0.858,0,0.166,0
1936.84,7,0,0.845,0,0.044,0
1712.42,2,27.63,0.881,0,0.132,0
2636.92,22,7.44,0.909,0,0.284,0
2359.78,19,16.08,0.902,0,0.422,1
357.58,5,12.39,0.903,1,0.169,1
6332.57,3,0.63,0.962,0,0.318,0
1282.13,6,4.71,0.908,0,0.324,0
2586.03,21,3.78,0.724,1,0.396,0
1516.2,7,0,0.8,0,0.087,0
1500.08,12,0,0.954,0,0.128,0
872.7,2,33.03,0.975,0,0.26,1
15482.18,20,0,0.51,0,0.135,0
709.35,8,23.67,0.909,0,0.04,0
281.04,8,0,0.643,0,0.687,0
400.06,3,0,0.729,0,0.425,0
944.35,12,15.85,0.718,0,0.295,0
17210.79,2,0,0.768,0,0.354,0
2242.54,9,27.22,0.362,0,0.076,0
277.54,14,34.4,0.665,0,0.517,0
1328.89,3,3.41,0.671,0,0.234,0
461.02,4,0,0.919,0,0.282,0
2167.19,11,28.12,0.813,0,0.263,0
3655.42,18,39.02,0.768,0,0.516,0
15674.23,1,0,0.811,0,0.247,1
3590.32,7,4.89,0.83,0,0.111,0
785.7,11,0,0.921,1,0.167,0
2198.53,14,4.1,0.61,0,0.048,0
1192.2,16,0,0.989,0,0.471,0
1788.8,8,45.05,0.878,0,0.168,0
882.51,7,23.8,0.631,0,0.264,0
782.61,1,13.99,0.859,0,0.11,0
1054.01,16,14.8,0.793,0,0.105,0
5711.74,15,19.44,0.861,0,0.346,1
19697.84,3,35.42,0.779,0,0.173,0
4769.58,7,36.18,0.886,0,0.204,0
1395.89,1,0.11,0.923,0,0.406,1
778.96,18,11.19,0.817,0,0.244,0
1991.13,1,8.52,0.68,0,0.215,0
2460.64,6,0,0.917,0,0.193,0
3491.81,4,0,0.381,0,0.239,0
867.96,14,8.32,0.687,0,0.279,0
2016.47,19,13.77,0.925,0,0.295,0
4722.68,6,0,0.688,0,0.016,0
7005.49,1,0,0.844,0,0.207,0
598.42,19,35.83,0.851,1,0.072,0
1934.75,13,18.63,0.799,0,0.658,0
1542.4,20,0.29,0.741,0,0.677,0
9008.35,7,0.76,0.813,0,0.112,0
325.73,6,10.93,0.919,0,0.525,0
5235.16,6,16.95,0.72,0,0.075,0
550.71,9,0,0.91,0,0.423,0
2691.46,8,0,0.883,0,0.147,0
2469.98,8,30.83,0.69,0,0.33,0
599.51,19,0,0.781,0,0.359,0
2226.92,9,6.74,0.908,0,0.187,0
627.57,9,21.12,0.857,1,0.075,0
1136.59,9,0,0.603,0,0.294,0
5041.11,22,23.14,0.926,0,0.466,0
302.48,3,24.23,0.753,0,0.082,0
984.24,18,0,0.789,0,0.594,0
1156.91,13,0,0.401,0,0.492,0
9967.34,15,25.11,0.681,0,0.077,0
2554.91,22,0,0.82,0,0.151,0
7553.22,20,4.42,0.31,0,0.288,0
18622.77,16,0,0.895,0,0.322,0
473.17,2,0,0.707,0,0.382,0
1176.84,18,16.0,0.656,0,0.196,0
990.32,8,4.24,0.625,0,0.074,0
1035.51,23,31.53,0.64,0,0.242,0
818.73,4,26.25,0.47,0,0.326,0
5149.9,4,20.35,0.778,0,0.422,0
1774.38,8,7.7,0.658,0,0.344,0
674.9,16,3.72,0.904,0,0.308,0
1471.46,19,23.54,0.909,0,0.519,0
3262.07,7,9.75,0.551,0,0.151,0
1028.62,4,10.31,0.703,0,0.3,0
3659.88,20,9.98,0.665,0,0.454,0
503.71,20,0,0.84,0,0.53,0
5985.28,6,0,0.716,0,0.124,0
1343.66,21,0,0.779,0,0.009,0
1370.61,11,0,0.69,0,0.308,0
400.91,14,10.0,0.837,0,0.254,0
630.78,22,10.15,0.782,0,0.231,0
1165.78,6,4.89,0.99,0,0.606,0
117.3,22,0,0.706,0,0.06,0
3754.14,9,18.3,0.674,1,0.488,0
1346.72,1,25.39,0.73,1,0.067,0
1516.2,6,23.59,0.699,0,0.333,0
23784.14,7,19.92,0.543,0,0.262,0
854.17,12,32.56,0.899,0,0.426,1
2660.64,10,5.87,0.679,1,0.224,0
1274.79,2,4.86,0.814,0,0.42,0
902.29,21,26.31,0.662,0,0.329,0
271.56,19,14.56,0.859,1,0.382,0
2154.18,11,10.73,0.867,0,0.166,0
3507.92,13,12.57,0.508,0,0.198,0
5894.86,23,0,0.614,0,0.207,0
6118.24,16,7.48,0.966,0,0.336,0
995.57,13,0,0.784,0,0.408,0
1055.22,6,13.97,0.982,0,0.145,0
7302.98,15,20.93,0.718,0,0.102,0
2816.36,5,23.31,0.838,1,0.072,0
7371.25,0,17.91,0.781,0,0.109,0
397.54,3,6.63,0.811,0,0.398,0
7529.87,23,0,0.853,0,0.158,0
1263.37,14,7.81,0.981,0,0.35,0
1343.22,21,0,0.822,1,0.278,0
1646.28,6,21.11,0.665,0,0.419,0
2395.32,16,0,0.571,0,0.097,0
4717.81,10,0,0.852,0,0.167,0
15302.0,8,15.26,0.927,0,0.121,0
144.02,13,0,0.778,0,0.62,0
1196.53,16,0,0.578,0,0.41,0
2799.06,5,6.4,0.943,0,0.251,0
4544.86,12,11.64,0.948,0,0.211,0
1872.53,10,29.96,0.827,0,0.582,0
1765.73,13,5.44,0.914,0,0.375,0
331.16,10,22.07,0.936,0,0.031,0
3243.68,22,4.25,0.625,0,0.228,0
1080.89,10,0,0.821,0,0.053,0
2124.22,1,4.92,0.839,0,0.355,1
742.17,1,21.01,0.608,0,0.114,0
12112.04,1,34.19,0.958,0,0.011,0
1284.84,6,3.25,0.903,1,0.555,0
4989.81,2,13.56,0.949,0,0.561,0
729.94,6,0,0.863,0,0.212,0
965.65,22,26.05,0.626,0,0.223,0
619.01,0,33.54,0.645,0,0.172,0
5780.11,1,2.31,0.572,0,0.134,1
25962.02,3,23.23,0.812,0,0.14,0
1187.93,12,0,0.732,0,0.169,0
2720.27,15,9.94,0.977,0,0.244,0
10500.35,22,0,0.787,0,0.116,0
2209.24,13,5.3,0.801,0,0.337,0
11861.63,8,0,0.902,0,0.318,0
779.62,6,4.74,0.757,0,0.248,0
1118.1,3,2.8,0.876,0,0.638,0
2736.52,11,1.4,0.901,0,0.262,0
8382.17,11,10.9,0.531,0,0.27,1
5895.56,16,6.24,0.875,0,0.475,0
9064.92,10,8.8,0.651,0,0.428,0
1553.79,0,6.11,0.948,0,0.396,0
4643.49,10,0,0.787,0,0.587,0
1609.6,9,8.7,0.86,0,0.471,0
1712.69,8,33.77,0.518,0,0.041,0
4845.22,21,9.01,0.826,0,0.632,0
3271.13,8,17.72,0.553,0,0.344,0
592.01,21,0.49,0.8,0,0.271,0
3440.32,11,8.87,0.564,0,0.78,0
2075.14,12,0,0.822,0,0.135,0
608.67,13,17.78,0.846,0,0.295,0
3429.7,16,11.16,0.818,0,0.284,0
1010.8,2,0,0.544,0,0.647,0
3169.86,3,0,0.891,0,0.17,0
20374.26,3,0,0.898,0,0.084,0
2539.85,9,29.66,0.983,0,0.32,1
2807.7,2,18.64,0.887,0,0.297,0
255.54,1,13.37,0.829,0,0.112,0
796.17,16,0,0.926,0,0.636,0
1175.23,2,2.77,0.858,0,0.397,0
3961.62,17,0,0.803,0,0.254,0
3510.81,7,10.59,0.965,0,0.396,0
3630.52,1,0.52,0.843,0,0.137,0
4483.15,2,22.83,0.768,0,0.199,0
1309.97,21,0,0.875,0,0.246,1
339.29,15,2.46,0.369,0,0.431,0
5768.12,23,1.27,0.901,0,0.367,0
64.92,15,22.34,0.61,0,0.035,0
6012.74,11,0,0.741,0,0.12,0
2003.43,9,22.6,0.913,0,0.649,0
565.7,12,21.0,0.937,0,0.32,0
1157.38,11,5.88,0.965,0,0.368,0
2296.15,1,34.23,0.923,0,0.381,0
907.91,14,7.55,0.579,0,0.476,0
9176.86,22,15.06,0.915,0,0.423,1
827.44,17,0,0.357,0,0.157,0
746.53,15,11.31,0.864,0,0.291,0
1392.56,2,0,0.955,0,0.364,0
4279.49,23,0,0.746,0,0.129,0
1394.04,18,0,0.81,1,0.652,0
3287.62,9,27.25,0.743,0,0.189,0
1062.37,20,16.84,0.828,0,0.366,0
4902.07,0,22.56,0.775,1,0.584,0
151.74,20,14.13,0.865,0,0.177,0
716.58,14,19.73,0.851,0,0.235,0
3247.85,21,15.62,0.777,0,0.235,0
2581.69,4,0,0.83,0,0.368,0
2571.79,0,0,0.801,0,0.533,0
731.86,8,31.4,0.732,0,0.184,0
21427.08,23,23.93,0.743,0,0.173,0
16873.61,5,0,0.97,1,0.317,0
1746.91,5,0,0.714,0,0.566,0
289.61,16,0,0.796,0,0.273,0
888.37,17,0.28,0.868,0,0.146,0
3752.04,4,0,0.86,0,0.383,1
2641.99,3,0,0.86,0,0.251,0
4790.59,22,0,0.932,0,0.392,0
1637.18,0,18.04,0.938,0,0.077,0
1272.04,23,0,0.835,0,0.224,0
1219.46,18,5.47,0.651,0,0.088,0
6548.43,19,2.44,0.722,0,0.304,0
4262.07,14,8.32,0.675,0,0.598,0
1836.73,14,0,0.848,0,0.033,0
458.57,8,17.99,0.623,0,0.25,0
13569.83,23,2.48,0.911,0,0.232,0
3117.34,4,12.88,0.833,0,0.339,0
396.84,2,4.13,0.946,0,0.066,0
1964.84,9,25.64,0.878,0,0.259,0
2753.63,5,31.77,0.817,0,0.315,0
1267.89,21,0,0.848,0,0.41,0
858.34,19,13.84,0.476,0,0.163,0
1473.36,1,0,0.97,1,0.03,0
445.02,19,5.07,0.659,0,0.127,0
2297.09,11,1.5,0.87,0,0.122,0
56105.1,20,7.72,0.88,1,0.516,0
1391.69,14,14.91,0.537,1,0.314,0
872.49,2,4.35,0.75,0,0.094,0
491.29,7,0,0.806,0,0.152,0
8869.48,15,24.59,0.904,0,0.484,0
3823.55,23,11.27,0.645,0,0.291,0
602.64,15,1.94,0.724,0,0.357,0
1822.47,12,25.76,0.978,0,0.237,0
1975.34,2,25.91,0.778,0,0.267,0
776.81,9,17.52,0.926,0,0.377,0
2153.24,16,1.27,0.694,0,0.306,0
1711.94,3,14.23,0.642,0,0.304,0
854.77,8,0.62,0.757,0,0.103,0
3873.11,5,21.19,0.68,0,0.459,0
2513.32,14,13.86,0.711,0,0.252,0
541.08,1,0,0.683,0,0.2,0
1949.86,0,8.75,0.813,0,0.402,0
259.11,9,0.28,0.615,0,0.415,0
5439.7,4,0,0.505,0,0.192,0
509.64,8,0,0.544,0,0.314,0
7485.1,12,10.59,0.953,0,0.167,0
9682.26,5,10.32,0.776,0,0.187,0
1969.37,22,38.71,0.427,0,0.416,0
680.6,1,26.67,0.911,0,0.13,0
2446.15,14,6.24,0.664,0,0.373,0
4298.59,5,3.7,0.73,0,0.162,0
3312.53,7,0,0.747,0,0.152,0
1291.27,0,0,0.974,0,0.082,0
5208.46,13,38.77,0.698,0,0.3,0
1206.8,17,13.03,0.895,0,0.373,0
7179.48,5,10.8,0.607,0,0.182,0
6424.78,21,24.41,0.547,0,0.385,0
2428.34,22,10.34,0.852,0,0.219,0
3911.29,4,6.6,0.872,1,0.212,0
26792.19,9,17.56,0.96,0,0.396,0
997.49,1,25.34,0.726,0,0.771,0
858.47,20,1.63,0.773,0,0.16,0
1238.52,4,0.38,0.722,0,0.572,0
1835.63,1,21.49,0.689,0,0.394,0
1838.23,0,6.28,0.87,0,0.509,0
1463.46,17,15.33,0.851,0,0.183,0
11705.48,9,27.74,0.785,0,0.575,0
632.93,19,18.3,0.805,0,0.255,0
5084.72,12,2.11,0.823,0,0.401,0
4078.32,1,0,0.63,0,0.43,1
238.81,9,38.21,0.843,0,0.293,0
560.17,7,20.43,0.609,0,0.366,0
307.66,8,0,0.56,0,0.212,0
1386.5,10,29.04,0.605,0,0.194,0
1884.18,12,29.19,0.85,0,0.28,0
1311.32,22,8.38,0.581,0,0.082,0
816.98,12,20.67,0.643,0,0.119,0
903.54,5,1.34,0.374,0,0.387,1
561.28,19,17.42,0.956,0,0.336,0
885.77,17,18.71,0.593,0,0.346,0
1104.58,6,9.02,0.925,1,0.203,0
437.53,12,7.33,0.702,0,0.057,0
2784.03,5,6.92,0.832,1,0.053,1
4724.64,7,12.27,0.658,0,0.064,0
604.77,21,32.81,0.932,0,0.297,0
2659.25,21,0,0.768,0,0.41,0
1101.57,20,56.27,0.561,0,0.499,0
9769.04,14,0,0.876,0,0.299,0
408.26,6,28.24,0.624,0,0.313,0
2749.61,14,0,0.849,0,0.205,0
521.42,7,15.86,0.822,0,0.501,0
689.17,2,30.63,0.855,0,0.421,0
2362.27,7,27.19,0.693,0,0.137,0
3955.5,16,0,0.731,1,0.821,0
2122.75,11,29.66,0.71,0,0.295,0
606.78,9,16.45,0.828,1,0.35,0
2593.05,4,0,0.596,0,0.335,0
756.03,5,17.23,0.922,0,0.335,0
2129.76,1,8.16,0.855,1,0.156,0
1246.49,21,23.76,0.967,0,0.149,0
2349.22,23,0,0.857,0,0.314,0
2553.26,9,26.11,0.706,1,0.232,0
200.29,9,5.98,0.63,0,0.359,0
1274.27,22,7.7,0.74,0,0.479,0
466.0,21,21.1,0.776,0,0.235,0
417.98,11,0,0.882,0,0.345,0
733.51,7,0.82,0.813,0,0.156,0
447.94,15,6.16,0.831,1,0.245,0
6182.19,23,7.81,0.479,0,0.351,0
2139.39,22,0,0.978,0,0.063,0
10823.66,20,15.25,0.96,0,0.209,0
1328.61,12,24.69,0.772,0,0.236,0
2727.8,22,14.12,0.76,0,0.175,0
2128.74,8,2.1,0.953,0,0.224,0
4060.25,22,1.18,0.538,0,0.226,0
1552.44,2,13.84,0.665,0,0.374,0
921.41,13,11.64,0.633,0,0.398,0
1061.87,0,34.85,0.956,0,0.289,0
5231.75,2,0,0.9,0,0.206,0
7569.3,2,0,0.791,0,0.369,0
515.6,18,19.59,0.966,0,0.061,0
4712.04,14,0,0.51,0,0.043,0
1499.41,13,0,0.529,0,0.118,0
716.7,4,13.04,0.897,1,0.247,1
821.56,3,13.87,0.766,0,0.462,0
1029.08,19,0,0.553,0,0.396,0
5139.11,13,18.83,0.868,0,0.391,0
2297.45,16,16.36,0.598,0,0.366,0
646.92,9,0,0.903,0,0.33,0
587.03,10,2.64,0.66,0,0.086,0
2820.33,17,20.65,0.763,0,0.599,0
1991.24,1,2.7,0.351,0,0.481,0
4572.8,4,8.36,0.793,0,0.386,0
832.25,16,0,0.61,1,0.393,0
2859.61,2,0,0.913,0,0.289,0
2229.6,20,37.11,0.712,0,0.343,0
105.71,0,0,0.935,0,0.276,0
1568.46,0,16.71,0.388,0,0.436,0
813.76,8,12.83,0.758,0,0.222,0
3282.17,22,18.39,0.811,0,0.158,0
2918.54,12,25.17,0.776,0,0.127,0
867.6,13,11.22,0.911,0,0.35,0
1182.49,6,0,0.635,0,0.237,0
1349.05,11,14.57,0.7,0,0.527,0
1105.28,9,1.67,0.889,0,0.178,0
331.29,20,1.4,0.793,0,0.441,0
4569.94,22,0,0.672,0,0.471,0
1151.78,8,6.67,0.989,0,0.204,0
2833.03,14,0,0.932,0,0.284,0
3925.74,23,26.37,0.786,0,0.483,0
9057.97,3,0,0.925,0,0.277,0
5269.62,23,17.31,0.734,0,0.16,0
1569.77,21,0,0.759,0,0.144,0
3290.52,2,12.1,0.823,0,0.207,0
3175.81,10,13.69,0.851,0,0.217,0
4461.03,17,11.33,0.796,0,0.619,0
2870.24,23,13.85,0.784,0,0.066,0
5392.71,1,11.64,0.725,0,0.529,0
3483.74,9,0,0.849,0,0.278,0
5059.19,18,27.65,0.706,0,0.126,0
3526.48,18,2.27,0.957,0,0.13,0
2525.96,5,27.95,0.78,0,0.143,0
1839.96,19,32.43,0.481,0,0.28,0
2703.58,23,0,0.965,0,0.172,0
4307.7,7,0,0.924,1,0.177,0
4183.25,23,24.75,0.807,0,0.174,0
2665.45,11,20.62,0.971,1,0.394,0
400.61,6,6.27,0.81,1,0.488,0
3886.53,13,6.93,0.794,0,0.708,0
1781.02,8,0,0.85,1,0.356,0
11587.53,14,8.95,0.901,0,0.154,0
1326.13,0,0,0.849,0,0.361,0
875.2,18,58.4,0.744,0,0.521,0
403.33,6,12.45,0.804,0,0.231,0
736.76,0,5.64,0.948,0,0.365,0
829.35,8,0,0.696,0,0.276,0
1163.94,4,0,0.791,1,0.455,1
783.47,13,0,0.795,0,0.283,0
727.62,22,0,0.946,0,0.04,0
2563.2,14,0.97,0.785,0,0.281,0
649.16,1,4.09,0.784,0,0.393,0
1772.64,22,17.22,0.856,0,0.107,0
1977.82,2,0,0.684,0,0.302,0
718.52,8,17.71,0.779,0,0.06,0
7029.05,7,6.37,0.742,0,0.278,0
3884.04,0,0,0.774,0,0.076,0
83.3,4,5.81,0.697,0,0.374,0
3029.12,6,0,0.649,0,0.245,0
1538.44,1,0,0.862,0,0.538,0
1068.87,7,19.58,0.879,1,0.22,0
3349.37,9,0,0.766,0,0.307,0
1621.96,4,0,0.851,0,0.052,0
4355.61,16,0,0.658,0,0.18,0
2274.05,15,0,0.862,0,0.461,0
555.72,6,0,0.449,0,0.222,0
1744.47,7,16.82,0.823,0,0.584,0
538.0,3,0,0.844,0,0.161,0
1225.36,23,0,0.942,0,0.545,1
363.52,3,9.92,0.756,0,0.358,0
1271.71,20,0,0.827,0,0.179,0
924.32,4,8.66,0.982,0,0.076,0
889.29,1,4.78,0.889,1,0.371,0
951.66,11,6.27,0.715,1,0.49,0
4021.84,17,0,0.67,0,0.347,0
7978.01,3,0,0.863,0,0.136,0
605.58,1,0,0.903,0,0.491,0
1242.89,14,39.32,0.913,0,0.223,0
833.56,0,0,0.879,0,0.489,0
3371.96,12,5.67,0.769,0,0.304,0
1673.1,1,0,0.719,0,0.206,0
684.45,1,18.99,0.834,0,0.737,0
1376.83,18,27.11,0.857,0,0.54,0
5392.26,3,16.71,0.507,0,0.301,0
4728.38,8,26.43,0.443,0,0.074,0
2324.01,7,5.68,0.789,0,0.18,0
1406.86,20,8.99,0.97,0,0.213,0
2861.31,7,21.0,0.858,0,0.471,0
4531.61,18,0,0.541,0,0.233,0
1410.64,16,48.12,0.949,0,0.077,0
2659.28,1,31.89,0.84,0,0.213,1
1633.45,22,1.27,0.89,0,0.09,0
6810.06,11,0,0.707,0,0.439,0
4161.56,18,0,0.536,0,0.282,0
189.99,3,20.44,0.874,0,0.465,0
305.33,13,0,0.769,0,0.365,0
574.19,11,0,0.896,0,0.267,0
528.05,8,4.89,0.844,0,0.095,0
6120.03,7,0,0.744,0,0.422,1
3052.92,15,18.16,0.903,0,0.347,0
1608.38,21,15.49,0.926,1,0.191,0
1282.37,13,0,0.847,0,0.447,0
571.36,9,0,0.72,0,0.084,0
2213.24,9,0,0.414,1,0.208,0
1592.41,8,29.8,0.96,0,0.077,0
1108.19,3,0,0.998,0,0.283,0
750.41,5,13.31,0.842,0,0.296,0
1764.54,3,1.48,0.904,0,0.017,0
2350.5,8,2.77,0.624,0,0.123,0
2501.04,13,5.75,0.902,0,0.095,0
2184.76,11,3.42,0.757,0,0.081,0
726.89,20,4.16,0.806,0,0.049,0
3539.8,6,0,0.633,0,0.297,0
181.68,19,0,0.574,0,0.135,0
1258.99,1,0.54,0.832,0,0.133,0
781.53,0,11.46,0.589,1,0.155,0
713.64,0,18.88,0.726,0,0.066,0
1405.74,1,4.75,0.92,0,0.372,0
517.02,21,31.45,0.805,0,0.232,0
1767.84,9,0,0.781,0,0.148,0
3534.02,2,39.74,0.691,0,0.417,0
887.49,8,0,0.853,0,0.114,0
296.58,20,0,0.649,0,0.219,0
3473.32,7,39.45,0.762,0,0.48,0
2321.64,0,22.09,0.653,0,0.186,0
2904.06,14,1.7,0.611,0,0.308,0
734.13,11,0,0.741,0,0.22,0
941.67,20,14.18,0.518,0,0.391,0
1026.24,16,0,0.887,0,0.234,0
4698.95,9,10.83,0.794,0,0.455,0
1481.01,1,0,0.527,0,0.589,0
2597.36,1,10.22,0.739,0,0.114,0
4007.52,20,25.18,0.976,0,0.177,0
7038.68,13,23.69,0.856,0,0.354,0
5448.21,19,32.85,0.54,1,0.276,0
11234.87,22,17.23,0.81,0,0.22,0
3249.83,0,6.78,0.498,1,0.248,0
548.82,20,28.75,0.88,0,0.161,0
3618.44,12,8.68,0.756,0,0.351,0
228.42,20,5.72,0.907,0,0.397,0
5395.91,10,5.28,0.915,0,0.167,0
4845.21,7,5.65,0.657,0,0.378,0
2753.45,17,0,0.874,1,0.067,0
725.66,19,0,0.814,0,0.345,0
2608.55,20,12.77,0.852,0,0.651,0
550.64,0,0,0.925,0,0.132,0
663.24,9,0,0.815,0,0.177,0
288.0,13,1.73,0.923,0,0.285,0
2282.45,5,4.19,0.682,0,0.19,1
2952.52,3,17.08,0.65,0,0.304,0
908.64,8,9.11,0.931,0,0.266,0
2635.78,3,2.01,0.743,0,0.314,0
1406.95,3,5.58,0.514,0,0.259,0
213.22,16,16.78,0.724,0,0.202,0
1481.17,11,4.41,0.959,0,0.515,0
2860.69,5,25.1,0.761,0,0.359,0
571.1,21,26.94,0.671,0,0.159,0
2504.96,4,0,0.825,0,0.155,0
3840.66,14,0,0.866,0,0.515,0
823.46,3,17.43,0.982,0,0.509,0
854.02,23,15.3,0.816,0,0.272,0
1231.75,3,0,0.767,0,0.12,0
12803.72,5,12.57,0.734,0,0.144,0
4443.56,2,0,0.636,0,0.392,0
1727.78,4,10.92,0.723,0,0.203,0
10783.88,16,2.7,0.845,0,0.28,0
402.47,1,0,0.721,0,0.308,0
2601.28,5,43.37,0.634,0,0.422,0
2561.19,16,1.1,0.619,0,0.187,0
1064.54,18,7.04,0.819,0,0.24,0
12969.63,5,0,0.861,0,0.482,0
3221.02,12,10.83,0.782,0,0.257,0
5382.16,19,15.52,0.86,1,0.116,0
172.61,8,2.67,0.75,0,0.212,0
2246.41,18,28.28,0.806,0,0.243,0
1426.84,1,22.7,0.772,0,0.236,0
13032.97,17,9.8,0.725,0,0.106,0
934.7,15,21.22,0.572,0,0.287,0
1534.18,12,5.66,0.814,0,0.122,0
3925.84,22,0,0.661,0,0.439,0
191.98,6,0,0.859,0,0.273,0
2218.5,11,21.55,0.562,1,0.404,1
845.06,19,7.58,0.797,0,0.311,0
163.12,18,0.34,0.571,0,0.378,0
3274.6,17,2.21,0.715,0,0.527,0
777.33,14,0,0.693,0,0.177,0
3844.64,16,22.79,0.738,0,0.064,0
267.45,3,7.2,0.846,0,0.111,0
15321.05,9,9.39,0.652,0,0.285,0
7393.82,19,21.95,0.861,0,0.317,0
3281.45,7,4.54,0.827,0,0.184,0
477.9,10,5.51,0.91,0,0.55,0
1678.92,3,7.52,0.799,0,0.108,0
1749.82,1,10.34,0.685,0,0.025,0
3682.1,12,9.37,0.734,1,0.454,0
3957.36,6,33.29,0.955,0,0.191,0
5673.4,9,0,0.266,0,0.228,0
1834.89,13,1.22,0.907,0,0.408,0
408.63,4,10.39,0.925,0,0.177,0
931.92,8,3.22,0.855,0,0.206,0
141.4,4,1.35,0.588,0,0.294,0
1796.16,1,35.36,0.953,0,0.268,0
19354.06,20,15.74,0.926,1,0.552,1
1808.97,9,19.6,0.865,0,0.171,0
2385.99,14,0.57,0.84,0,0.153,0
13385.86,9,30.75,0.936,1,0.055,0
2133.25,6,5.24,0.886,0,0.095,0
1432.28,15,1.92,0.629,0,0.092,0
12233.68,21,0,0.923,1,0.418,0
1978.25,17,0,0.606,0,0.554,0
4186.4,4,13.58,0.904,0,0.43,0
1757.93,0,2.02,0.728,0,0.544,0
1295.21,23,0,0.906,0,0.242,0
1720.52,3,3.84,0.795,1,0.299,0
8315.98,6,48.93,0.846,0,0.363,1
2115.26,8,8.65,0.89,0,0.208,0
1971.82,9,34.51,0.959,0,0.219,0
1633.49,8,0,0.725,0,0.404,0
5612.87,4,21.98,0.75,0,0.226,0
566.24,15,8.79,0.525,0,0.125,0
1769.35,2,18.16,0.836,0,0.215,0
3194.16,13,25.75,0.807,0,0.186,0
6495.16,17,35.6,0.786,0,0.368,0
422.38,12,2.76,0.875,0,0.329,0
572.71,20,3.32,0.811,0,0.369,0
6082.13,17,3.8,0.897,0,0.38,0
3270.53,21,16.2,0.986,0,0.495,0
977.16,23,14.28,0.706,0,0.242,0
803.99,12,0,0.777,0,0.053,0
1360.65,2,22.87,0.584,0,0.522,0
692.75,16,3.02,0.808,0,0.021,0
1847.73,20,14.51,0.569,0,0.08,0
2884.27,4,38.67,0.872,1,0.337,1
2027.48,21,21.66,0.62,0,0.292,0
1342.63,23,0,0.798,0,0.518,0
6555.5,13,16.12,0.799,0,0.064,0
1096.78,14,0,0.772,0,0.103,0
908.07,6,12.55,0.784,0,0.222,0
1149.12,4,22.52,0.603,0,0.237,0
1274.01,21,4.38,0.736,0,0.391,0
1768.1,2,11.43,0.615,0,0.427,0
10373.45,23,28.68,0.819,0,0.33,0
4325.81,12,5.05,0.785,1,0.472,0
4587.95,22,10.22,0.967,0,0.255,0
1806.58,16,8.8,0.827,0,0.445,0
1561.25,2,32.81,0.589,1,0.106,0
2174.11,0,25.78,0.567,0,0.411,0
3619.93,16,7.09,0.641,0,0.242,0
878.62,18,10.69,0.758,0,0.369,0
2603.42,22,3.8,0.862,0,0.386,0
854.81,10,5.31,0.844,0,0.18,0
7861.01,20,0,0.897,0,0.074,0
2934.29,6,0,0.814,0,0.059,0
4501.11,21,17.54,0.908,0,0.33,0
1555.81,4,0,0.476,0,0.513,0
564.61,5,0,0.843,0,0.372,0
1534.98,14,9.4,0.939,0,0.491,0
659.23,13,11.81,0.733,0,0.003,0
3823.78,9,0,0.719,0,0.164,0
1743.93,22,11.27,0.86,0,0.236,0
2313.67,9,16.82,0.451,0,0.646,0
718.87,14,0.02,0.772,0,0.217,0
945.95,18,16.43,0.722,0,0.383,0
737.84,22,0,0.648,0,0.31,0
4802.18,19,3.55,0.917,0,0.241,0
3237.2,16,19.71,0.669,1,0.349,0
2083.36,23,19.39,0.771,0,0.267,0
890.83,19,29.92,0.854,0,0.346,0
1329.82,14,0,0.864,0,0.385,0
1016.65,8,22.78,0.914,1,0.38,0
972.8,17,0,0.85,0,0.335,0
1157.79,8,0,0.664,0,0.307,0
1152.65,20,13.98,0.688,1,0.344,0
2709.51,22,29.34,0.904,0,0.247,0
3486.38,12,4.75,0.877,0,0.365,0
612.52,12,7.23,0.735,1,0.401,0
7864.25,22,1.74,0.702,1,0.252,1
8275.69,2,29.13,0.522,0,0.086,0
562.81,21,39.07,0.801,0,0.341,0
6011.29,2,18.01,0.937,0,0.209,0
1714.89,21,33.06,0.854,0,0.06,0
1630.61,0,0.38,0.916,0,0.254,0
2048.05,18,0,0.894,1,0.134,0
2373.48,22,6.2,0.717,0,0.109,0
12467.48,1,0,0.81,0,0.29,0
523.13,0,0,0.906,0,0.412,0
1381.36,16,0,0.779,0,0.559,0
10530.97,12,9.03,0.709,0,0.169,0
6492.43,4,5.31,0.682,0,0.093,0
6960.99,5,8.01,0.863,0,0.21,0
5688.54,17,26.54,0.674,1,0.381,0
4679.04,10,0,0.801,0,0.14,0
243.0,20,10.79,0.684,1,0.534,0
1366.2,9,16.08,0.678,0,0.521,0
2210.4,7,0,0.76,0,0.162,0
584.45,5,0,0.564,0,0.072,0
4062.07,16,4.71,0.814,0,0.226,0
4085.33,12,28.63,0.841,0,0.329,0
2811.47,16,18.7,0.963,0,0.232,0
1396.4,1,0,0.875,0,0.395,0
7977.43,13,19.81,0.98,0,0.049,0
2215.39,9,0,0.927,0,0.238,0
5455.47,23,59.03,0.946,1,0.324,1
349.77,3,2.5,0.671,0,0.26,0
1919.79,7,37.08,0.966,0,0.192,0
7303.47,14,31.75,0.751,0,0.113,1
389.89,12,0,0.526,0,0.459,0
18619.65,10,0,0.566,0,0.239,0
11027.82,6,2.06,0.947,0,0.486,0
2581.4,5,0,0.754,0,0.422,0
798.36,9,14.38,0.863,0,0.391,0
920.6,8,16.4,0.784,0,0.184,0
2517.02,15,36.03,0.681,0,0.126,0
2437.94,13,10.89,0.897,0,0.267,0
1157.76,9,17.24,0.695,0,0.149,0
1880.27,22,13.98,0.855,0,0.285,0
4240.95,0,14.15,0.757,0,0.07,0
2271.95,2,18.08,0.613,1,0.088,0
5259.35,3,10.51,0.87,0,0.382,0
2532.84,3,15.61,0.766,0,0.536,0
3225.12,10,0,0.696,0,0.186,0
5349.76,18,0,0.881,0,0.392,0
4746.56,9,10.6,0.708,0,0.34,0
1767.65,12,0,0.892,0,0.217,0
624.9,15,0,0.743,0,0.159,0
2351.15,13,0,0.886,0,0.062,0
819.44,19,7.72,0.824,0,0.039,0
4285.1,18,0,0.673,0,0.424,0
2969.61,5,17.81,0.738,0,0.055,0
2499.03,18,24.7,0.937,0,0.474,0
4690.53,21,0,0.608,0,0.267,0
1181.96,7,0.3,0.645,1,0.185,0
2327.5,21,0,0.607,0,0.264,0
498.41,17,3.82,0.52,0,0.551,0
409.02,14,2.43,0.818,0,0.128,0
2517.14,14,29.04,0.747,0,0.099,0
1999.93,11,15.56,0.872,0,0.184,0
1387.13,8,12.84,0.75,0,0.418,0
1171.12,18,5.19,0.809,0,0.198,0
3389.28,2,11.41,0.902,0,0.116,0
11968.84,16,20.36,0.633,0,0.292,0
1522.6,20,9.68,0.987,1,0.103,0
576.59,14,17.19,0.976,0,0.309,0
12459.23,4,0,0.792,0,0.132,0
856.57,15,21.96,0.756,0,0.71,0
1006.59,19,11.82,0.7,0,0.342,0
2875.45,17,0,0.764,0,0.339,0
448.63,5,29.5,0.807,1,0.033,0
742.64,14,0,0.764,0,0.464,0
417.15,15,5.69,0.87,0,0.268,0
3956.62,4,0,0.817,0,0.056,0
2216.43,19,18.44,0.75,0,0.355,0
618.26,16,23.86,0.872,0,0.057,0
6123.41,19,0,0.916,1,0.153,0
9135.06,17,0,0.55,0,0.151,0
3288.2,10,19.55,0.744,0,0.314,0
2986.22,13,11.98,0.795,0,0.139,0
2863.03,4,8.42,0.657,0,0.097,0
4825.51,3,15.01,0.907,0,0.32,0
3563.14,13,0,0.638,1,0.066,0
2832.01,3,17.42,0.839,0,0.173,0
941.8,18,25.62,0.627,0,0.576,0
1776.05,1,4.83,0.649,0,0.225,0
1668.92,2,14.06,0.652,1,0.295,0
587.28,3,0.06,0.602,0,0.242,0
1038.19,12,0,0.854,0,0.408,0
2307.52,11,0.43,0.94,0,0.289,0
6002.01,23,0,0.783,0,0.326,0
6973.96,17,22.1,0.898,0,0.19,0
3057.84,7,10.94,0.864,0,0.124,0
22777.21,2,0,0.809,0,0.357,0
5740.92,11,0,0.961,0,0.387,0
660.33,12,7.03,0.848,0,0.598,0
2012.57,22,0,0.762,0,0.161,0
568.05,2,23.63,0.426,0,0.149,0
361.92,2,0,0.699,1,0.279,0
6421.99,6,7.44,0.551,0,0.299,0
1641.85,13,0.77,0.799,1,0.213,0
1025.85,1,18.69,0.773,0,0.092,0
474.86,2,12.41,0.938,0,0.336,0
1402.66,6,0,0.774,0,0.281,0
8840.7,19,31.91,0.83,0,0.316,0
13872.62,15,25.21,0.843,0,0.098,0
4083.72,21,14.4,0.83,0,0.429,0
473.49,9,0,0.519,0,0.115,0
461.87,9,0,0.638,0,0.245,0
1156.12,12,10.54,0.536,0,0.069,0
2026.76,14,15.15,0.548,0,0.302,0
5471.94,13,0,0.667,0,0.292,0
2250.58,16,24.28,0.805,1,0.097,0
4542.66,7,10.67,0.454,0,0.371,0
345.98,10,9.26,0.738,1,0.032,0
5374.79,4,11.43,0.372,0,0.263,0
1819.69,20,28.21,0.868,0,0.405,0
4301.22,22,5.06,0.812,0,0.346,0
1468.59,21,0,0.682,0,0.232,0
1735.92,13,2.53,0.772,0,0.42,0
1551.59,13,0,0.706,0,0.421,0
903.86,2,0,0.849,0,0.241,0
337.94,20,19.43,0.81,0,0.114,0
4791.26,23,0,0.782,0,0.426,0
1394.23,21,26.67,0.911,0,0.742,0
815.74,1,0,0.894,0,0.325,0
552.15,6,23.39,0.874,0,0.322,0
1219.07,15,23.87,0.536,0,0.444,0
5805.49,19,0,0.823,0,0.49,0
1452.6,10,5.81,0.75,0,0.206,0
487.93,8,14.61,0.619,0,0.679,0
199.23,10,0,0.748,1,0.28,0
2548.52,7,7.26,0.786,0,0.569,0
284.22,14,8.05,0.902,0,0.221,0
2262.16,11,12.18,0.825,0,0.189,0
1530.71,8,0,0.609,0,0.391,0
1138.9,10,0,0.769,0,0.43,0
252.44,15,12.5,0.768,0,0.189,0
3867.11,23,18.1,0.818,0,0.269,0
2741.18,6,0,0.821,0,0.39,0
517.74,14,21.53,0.963,0,0.356,0
3850.47,21,0,0.835,0,0.522,0
1341.79,2,30.97,0.867,0,0.096,0
842.44,17,0,0.843,1,0.343,0
480.59,17,19.41,0.804,0,0.2,0
1261.99,23,32.79,0.805,0,0.049,0
546.08,1,29.11,0.837,0,0.182,0
5419.58,13,0,0.689,0,0.387,0
2767.1,14,6.66,0.965,0,0.229,0
5010.57,7,24.28,0.907,0,0.218,0
1105.81,13,24.08,0.908,0,0.33,0
874.7,21,7.87,0.92,0,0.317,0
1203.29,16,10.8,0.835,0,0.113,0
7874.76,21,8.87,0.897,0,0.031,0
1220.72,9,12.75,0.76,0,0.263,0
1749.24,18,17.62,0.699,0,0.388,0
2876.97,0,5.1,0.454,0,0.263,0
1545.97,17,9.27,0.886,1,0.163,0
2587.01,15,1.62,0.835,0,0.19,0
6599.92,18,21.61,0.86,1,0.146,0
3819.94,20,19.22,0.732,0,0.29,0
3075.35,23,7.0,0.865,0,0.25,0
1900.93,2,0,0.812,0,0.634,0
3269.5,15,19.15,0.877,1,0.109,0
945.01,17,0,0.715,0,0.133,0
1605.13,4,1.9,0.749,0,0.117,0
4631.05,11,25.53,0.549,0,0.494,0
443.54,23,0,0.549,0,0.267,0
528.2,20,14.5,0.831,0,0.102,0
3576.65,14,0,0.81,0,0.221,0
1394.29,10,0,0.685,0,0.045,0
289.36,7,0,0.896,0,0.281,0
161.75,11,6.9,0.926,0,0.172,0
2030.48,5,23.19,0.736,0,0.27,0
4164.13,23,15.82,0.863,0,0.125,0
7729.23,12,8.5,0.799,0,0.276,0
648.92,23,32.99,0.88,0,0.303,0
2202.06,2,0,0.964,0,0.451,0
4675.81,5,7.05,0.928,0,0.387,0
715.02,2,3.55,0.885,0,0.118,0
2323.21,9,7.84,0.973,0,0.289,0
4973.2,10,1.6,0.759,0,0.439,0
3265.62,20,31.57,0.794,0,0.212,0
2596.18,6,24.92,0.917,0,0.418,0
3289.88,14,11.41,0.873,0,0.427,0
7770.1,11,10.04,0.75,0,0.344,0
1415.46,3,25.69,0.903,0,0.069,0
2399.37,3,22.85,0.763,0,0.355,0
825.43,22,4.46,0.949,0,0.08,0
4909.1,22,14.82,0.982,0,0.195,0
3337.59,2,0.33,0.86,0,0.134,0
13223.34,4,6.23,0.925,0,0.301,1
1316.06,16,14.22,0.738,0,0.457,0
943.44,21,0,0.877,0,0.402,0
3296.93,11,35.02,0.613,0,0.351,0
689.48,14,32.96,0.759,1,0.52,0
2105.86,9,0,0.836,0,0.327,0
6225.05,0,5.76,0.623,0,0.131,0
277.54,18,6.76,0.806,1,0.12,0
529.11,0,16.28,0.736,0,0.339,0
231.69,22,16.11,0.818,0,0.279,0
1324.47,9,0,0.715,0,0.544,0
1427.55,1,27.38,0.717,0,0.12,1
684.32,16,10.64,0.933,0,0.095,0
216.45,22,20.76,0.816,0,0.457,0
11375.32,10,22.53,0.958,0,0.107,0
11309.57,3,0,0.779,0,0.29,0
3323.29,21,0,0.79,1,0.135,0
2460.84,8,0,0.84,0,0.234,0
1186.76,14,0,0.357,1,0.349,0
751.42,18,13.77,0.745,0,0.3,0
619.82,1,0,0.918,0,0.164,0
1455.05,19,0,0.946,0,0.177,0
1211.66,18,2.81,0.816,1,0.212,0
1392.27,15,5.08,0.908,0,0.581,0
2085.37,14,19.58,0.674,0,0.238,0
1117.08,19,0,0.785,1,0.325,0
1678.78,11,12.69,0.864,0,0.125,0
1116.72,13,5.35,0.806,0,0.365,0
6532.32,0,14.05,0.977,0,0.263,0
1011.46,19,0,0.813,0,0.077,0
805.69,9,14.96,0.817,0,0.647,0
2008.78,4,3.67,0.91,1,0.465,0
8574.44,13,32.86,0.817,1,0.282,0
1896.49,6,35.68,0.465,0,0.133,0
25545.48,1,36.45,0.472,0,0.193,1
265.52,10,0,0.856,0,0.472,0
957.14,4,21.2,0.544,0,0.167,0
3553.1,6,16.88,0.658,0,0.061,0
1000.88,21,7.71,0.446,0,0.64,0
4422.86,9,5.65,0.756,0,0.463,0
479.46,23,31.07,0.687,0,0.19,0
1559.78,12,0,0.655,0,0.079,0
173.42,0,49.38,0.759,0,0.312,0
2769.49,22,15.35,0.967,0,0.234,0
745.32,19,0,0.685,0,0.293,0
853.18,17,0,0.734,0,0.322,0
2192.59,18,0,0.567,0,0.141,0
6588.9,23,0,0.914,0,0.439,0
1203.64,9,6.68,0.633,0,0.209,0
3692.03,7,13.75,0.889,0,0.37,0
379.63,20,26.88,0.798,0,0.614,0
3676.61,1,44.07,0.548,0,0.457,0
10445.73,19,0,0.567,0,0.123,0
1036.03,19,0,0.905,1,0.246,0
1515.79,22,7.96,0.758,0,0.277,0
299.79,11,33.13,0.794,1,0.241,0
850.42,2,22.5,0.748,0,0.465,0
2184.88,18,0,0.771,0,0.027,0
405.93,18,4.97,0.745,0,0.626,0
1744.55,9,0,0.907,0,0.107,0
1141.25,14,0.55,0.713,0,0.155,0
2723.73,11,0,0.609,0,0.548,0
1266.63,16,37.8,0.965,0,0.266,0
3034.83,22,0.71,0.927,0,0.487,0
703.76,23,0,0.905,0,0.175,0
11201.25,11,28.54,0.677,0,0.347,0
941.89,23,15.1,0.607,0,0.201,1
1962.49,16,0,0.953,0,0.303,0
3094.03,20,14.36,0.505,0,0.132,0
5779.73,9,18.42,0.888,0,0.242,0
3495.81,13,15.82,0.842,0,0.454,0
2658.7,12,12.89,0.938,0,0.256,0
358.51,6,0,0.876,0,0.621,0
3093.57,8,13.6,0.742,0,0.294,0
617.99,5,10.92,0.878,0,0.041,0
1295.04,13,4.91,0.869,1,0.257,0
1641.16,18,0,0.637,1,0.336,0
1093.93,14,36.8,0.771,0,0.235,0
525.29,13,0,0.795,0,0.29,0
855.46,2,0,0.788,0,0.326,0
4357.6,20,34.24,0.879,0,0.131,0
925.37,6,12.81,0.92,0,0.085,0
641.32,20,0,0.793,0,0.375,0
4966.17,19,0,0.431,0,0.279,0
532.29,9,0,0.733,0,0.112,0
1747.41,11,0,0.899,0,0.822,0
1119.05,23,0,0.854,0,0.427,0
1674.73,7,2.73,0.663,0,0.381,0
465.5,23,17.24,0.784,0,0.262,0
1421.2,1,27.46,0.67,0,0.152,0
465.82,20,0,0.762,0,0.246,0
636.14,19,12.83,0.602,0,0.519,0
263.66,23,0,0.35,0,0.456,0
447.32,1,9.85,0.946,0,0.445,0
2530.89,17,0,0.565,0,0.545,0
2297.79,16,10.49,0.843,1,0.08,0
1500.43,1,34.85,0.64,0,0.44,0
2731.1,13,23.84,0.926,1,0.166,0
1063.74,0,0,0.714,0,0.379,0
307.02,5,0,0.815,0,0.111,0
416.71,17,11.11,0.533,0,0.23,0
5267.93,14,2.25,0.6,0,0.355,0
6497.51,18,32.66,0.496,1,0.62,1
371.11,22,0,0.853,0,0.3,0
1929.5,7,10.0,0.81,0,0.466,0
536.33,15,0.73,0.536,0,0.765,0
1232.29,23,0,0.629,0,0.287,0
8497.28,16,19.12,0.613,0,0.218,0
258.68,23,0,0.749,0,0.379,0
390.63,3,17.42,0.888,0,0.057,0
5853.42,13,0,0.778,0,0.087,0
442.59,21,0,0.715,0,0.347,0
639.78,13,2.1,0.814,0,0.286,0
2559.48,3,23.97,0.778,0,0.073,0
2612.35,5,12.86,0.885,0,0.178,0
12840.36,7,1.07,0.842,0,0.136,0
398.24,2,0,0.799,0,0.315,0
2837.53,23,19.41,0.942,0,0.239,0
3247.99,9,17.61,0.593,0,0.556,0
440.16,17,6.71,0.733,0,0.143,0
10370.96,8,0,0.67,0,0.56,0
2120.6,19,0,0.702,0,0.219,0
2525.38,16,12.38,0.857,0,0.119,0
6952.59,12,32.92,0.819,0,0.33,0
3000.19,2,14.34,0.864,1,0.058,0
896.03,18,0,0.705,1,0.223,0
7038.28,9,3.61,0.907,0,0.388,0
1081.55,9,0,0.7,0,0.325,0
1928.69,1,5.56,0.387,0,0.213,0
749.45,22,3.02,0.545,0,0.35,0
2195.37,6,5.25,0.889,0,0.298,0
579.72,3,10.02,0.965,0,0.056,0
3873.28,4,3.72,0.921,0,0.073,0
438.86,13,1.74,0.809,0,0.397,0
4058.86,11,0,0.895,0,0.293,0
9136.99,7,13.89,0.764,0,0.456,0
4445.51,21,5.83,0.937,0,0.078,0
809.37,19,0,0.816,0,0.394,0
6428.98,9,9.49,0.981,0,0.138,0
1260.95,1,6.01,0.683,0,0.558,0
4175.78,10,8.44,0.566,0,0.046,0
993.81,14,15.06,0.61,0,0.17,0
1380.19,11,0,0.931,0,0.114,0
294.26,3,23.43,0.779,0,0.215,0
1534.68,23,0,0.708,0,0.425,0
1935.78,11,0,0.683,0,0.097,0
124.89,5,0,0.586,0,0.361,0
427.48,23,17.18,0.761,0,0.067,0
819.79,2,2.62,0.761,0,0.123,0
1349.39,13,20.65,0.651,0,0.043,0
1747.93,10,7.31,0.818,0,0.53,0
1690.04,0,4.83,0.646,0,0.343,0
1433.46,11,8.82,0.787,0,0.512,0
2625.91,12,22.91,0.758,1,0.122,0
1992.22,2,34.59,0.686,0,0.335,0
931.06,14,0,0.464,0,0.142,0
2548.88,12,29.19,0.529,0,0.196,0
1108.72,19,15.0,0.776,1,0.206,0
5031.07,0,25.54,0.86,1,0.258,1
1088.15,6,34.15,0.774,0,0.351,0
1936.62,11,24.17,0.865,0,0.226,0
826.44,18,16.62,0.904,0,0.387,1
4888.66,0,30.57,0.84,0,0.056,0
893.59,7,0,0.82,0,0.08,0
1528.91,20,27.52,0.877,0,0.058,0
2838.73,5,15.01,0.977,0,0.261,1
1718.09,9,0,0.867,0,0.086,0
1109.67,20,8.53,0.685,1,0.2,0
467.92,9,0,0.809,0,0.181,0
853.92,16,0,0.79,0,0.175,0
432.63,14,0,0.685,0,0.066,0
1277.36,15,2.64,0.706,0,0.465,0
441.35,8,12.06,0.897,0,0.203,0
3964.08,12,26.92,0.58,0,0.13,0
1227.24,12,12.4,0.819,0,0.243,0
727.24,15,32.14,0.759,0,0.256,0
189.75,16,1.1,0.58,1,0.236,0
1694.94,3,0,0.946,0,0.268,0
4898.69,12,27.98,0.745,0,0.081,0
26919.23,20,0,0.632,0,0.575,0
4833.77,1,12.75,0.736,0,0.389,0
1007.6,0,0,0.784,0,0.574,0
383.87,16,2.68,0.653,0,0.277,0
4626.51,9,16.29,0.741,0,0.12,0
1127.63,22,12.28,0.525,0,0.253,0
922.34,1,7.64,0.853,0,0.17,0
2780.52,13,3.08,0.643,0,0.233,0
1257.85,6,28.77,0.86,0,0.019,0
623.96,14,13.5,0.912,0,0.322,0
1405.04,17,20.17,0.897,0,0.212,0
3673.62,22,9.64,0.889,0,0.59,0
2923.97,7,0,0.623,0,0.666,0
189.44,22,9.24,0.888,0,0.62,0
2567.27,4,12.29,0.804,0,0.329,0
43150.43,2,4.36,0.66,0,0.18,1
10075.86,7,29.71,0.914,1,0.257,0
421.32,23,0,0.904,0,0.492,0
4024.84,18,0.83,0.789,0,0.052,0
1724.57,23,0,0.737,0,0.121,0
1967.71,8,7.97,0.732,0,0.293,0
2408.92,20,21.66,0.915,1,0.376,0
4736.38,9,10.9,0.965,0,0.074,0
1205.1,17,5.9,0.613,0,0.351,0
3976.76,13,29.33,0.738,0,0.074,0
4033.37,4,29.42,0.809,0,0.215,0
2479.21,0,13.4,0.957,0,0.616,1
211.12,9,0,0.506,0,0.184,0
1139.47,21,14.77,0.624,1,0.162,0
5390.38,14,25.76,0.547,0,0.04,0
1838.63,1,6.72,0.829,0,0.503,0
558.91,20,22.62,0.864,1,0.497,0
3741.79,4,0,0.771,0,0.461,0
2306.3,16,29.98,0.813,0,0.111,0
7673.34,21,0,0.91,0,0.629,0
1330.83,1,0,0.528,0,0.451,0
3090.1,7,12.69,0.565,0,0.199,0
1277.49,10,0,0.486,0,0.51,0
21857.85,2,0,0.781,0,0.285,0
886.01,21,5.16,0.826,0,0.502,0
32142.15,15,0,0.739,0,0.575,0
13177.13,14,11.97,0.621,0,0.298,0
1841.97,12,0,0.97,0,0.027,0
915.59,11,6.71,0.649,0,0.252,0
1134.64,20,41.01,0.758,0,0.141,0
14543.38,17,0,0.875,0,0.262,0
3596.3,20,2.22,0.888,0,0.27,0
1581.22,0,0,0.663,0,0.405,0
1848.8,20,4.58,0.446,0,0.301,0
696.55,18,26.28,0.793,0,0.194,0
644.1,13,16.67,0.6,0,0.354,0
811.63,8,13.89,0.738,0,0.398,0
4891.26,4,0,0.608,0,0.187,0
624.54,18,5.1,0.83,0,0.53,0
3183.46,3,13.25,0.642,0,0.379,0
5949.12,4,19.3,0.761,0,0.235,0
1757.02,4,10.19,0.74,1,0.143,0
5151.16,8,9.58,0.719,0,0.178,0
772.76,14,29.03,0.52,0,0.168,0
177.0,3,0,0.757,0,0.396,0
579.15,7,39.57,0.727,0,0.425,0
2631.74,1,0,0.968,0,0.121,0
1801.45,21,0,0.893,0,0.582,0
1948.32,10,0,0.963,0,0.424,0
583.96,19,0.61,0.916,0,0.399,0
198.26,19,0,0.764,0,0.181,0
1294.64,12,9.79,0.971,0,0.423,0
2070.79,14,22.36,0.719,0,0.017,0
4163.92,12,20.9,0.787,0,0.192,0
1527.7,22,20.68,0.873,0,0.426,0
1918.86,18,27.69,0.972,1,0.65,0
2154.15,9,46.99,0.778,0,0.053,0
762.45,12,0,0.693,0,0.119,0
6914.51,1,0,0.806,1,0.3,1
1842.06,10,4.5,0.731,0,0.144,0
2086.68,6,15.49,0.873,0,0.125,0
744.39,10,28.02,0.854,0,0.606,0
2693.71,22,11.31,0.822,0,0.313,0
7747.06,18,5.53,0.635,1,0.343,0
718.32,19,0,0.485,0,0.293,0
1156.31,19,11.19,0.686,0,0.061,0
2325.98,18,0,0.706,0,0.372,0
3422.76,22,0,0.845,1,0.258,1
1240.04,22,19.27,0.701,0,0.178,0
1749.94,10,26.19,0.897,0,0.245,0
10632.18,3,18.69,0.836,0,0.069,1
1516.29,8,26.18,0.922,0,0.631,0
1298.17,17,14.64,0.959,0,0.25,0
963.67,22,28.95,0.782,0,0.346,0
3718.61,19,13.59,0.901,0,0.308,0
2417.45,16,0,0.838,0,0.325,0
9963.12,10,25.97,0.673,0,0.27,0
4088.39,3,9.42,0.716,1,0.118,0
1564.4,22,13.65,0.885,0,0.216,0
2551.95,18,18.57,0.824,0,0.183,0
4790.57,4,11.46,0.874,0,0.34,1
1781.89,1,0,0.711,0,0.199,0
2130.06,7,1.4,0.802,0,0.235,0
1249.06,5,0,0.862,0,0.182,0
1004.71,2,8.81,0.601,0,0.288,0
1768.08,19,0,0.68,0,0.294,0
14864.74,22,0,0.792,0,0.299,0
752.13,13,0,0.841,0,0.499,0
327.85,18,11.67,0.853,0,0.291,0
933.59,17,9.23,0.954,0,0.146,0
1315.97,9,1.64,0.919,0,0.357,0
526.17,19,0,0.437,0,0.177,0
1923.24,13,0,0.89,0,0.683,0
499.51,15,0,0.832,0,0.268,0
1446.3,23,12.97,0.814,0,0.401,0
3142.42,9,0,0.823,0,0.222,0
631.73,5,10.04,0.801,0,0.104,0
479.82,19,20.75,0.555,0,0.232,0
3098.0,1,0,0.634,0,0.208,0
6206.96,12,0,0.815,0,0.184,0
1600.18,3,0,0.862,0,0.073,0
1601.18,12,0,0.798,0,0.332,0
2376.61,9,0,0.743,0,0.706,1
1237.44,8,13.18,0.888,0,0.441,0
509.3,21,28.8,0.508,0,0.227,0
1319.88,17,0,0.959,0,0.431,0
1212.96,9,0,0.668,0,0.456,0
1104.33,13,25.7,0.807,0,0.191,0
1435.79,9,0,0.98,0,0.05,0
8671.02,0,23.23,0.605,0,0.122,0
8500.59,8,20.9,0.672,0,0.387,0
11495.99,6,2.78,0.772,0,0.099,0
1029.23,15,6.2,0.827,0,0.417,0
2243.15,14,1.7,0.781,0,0.35,0
20034.5,19,0,0.826,0,0.172,0
6830.46,5,0,0.957,0,0.15,0
3101.5,5,14.32,0.736,0,0.061,0
4258.97,14,8.89,0.666,0,0.477,0
2942.2,0,5.56,0.806,0,0.143,0
4591.23,5,25.55,0.983,0,0.416,0
1202.91,1,32.17,0.983,0,0.006,0
1393.2,15,5.78,0.737,0,0.356,0
1270.93,12,5.24,0.826,0,0.437,0
4817.0,13,5.33,0.919,1,0.077,0
2281.83,17,0,0.679,0,0.416,0
3983.89,6,3.42,0.884,0,0.366,0
5761.44,12,19.41,0.84,0,0.517,1
4786.4,23,16.04,0.7,0,0.3,0
8450.05,7,15.05,0.884,0,0.347,0
1858.45,3,26.01,0.802,0,0.135,0
607.6,20,0.77,0.924,0,0.383,0
3951.25,18,15.75,0.757,0,0.623,0
465.91,14,15.17,0.836,0,0.468,0
1413.03,13,0,0.969,0,0.256,0
7350.25,23,27.31,0.55,0,0.191,0
1746.31,22,0,0.724,0,0.107,0
4847.33,18,12.32,0.419,0,0.229,0
2293.29,5,0,0.831,0,0.182,0
1591.62,5,1.71,0.714,0,0.157,0
2360.91,2,12.52,0.863,0,0.441,0
946.73,1,37.49,0.613,0,0.205,0
13355.23,8,0,0.579,0,0.152,0
6054.05,16,5.53,0.722,0,0.233,0
2474.89,13,31.65,0.789,0,0.511,0
5107.81,2,41.05,0.946,0,0.143,1
3593.03,13,32.79,0.735,0,0.634,0
2599.34,15,18.77,0.983,0,0.201,0
401.13,23,14.47,0.936,0,0.356,0
852.41,13,0,0.649,0,0.63,0
2229.45,3,0,0.899,0,0.238,0
3753.64,8,7.76,0.678,0,0.228,0
502.11,0,32.76,0.912,0,0.694,1
2838.89,5,0,0.739,1,0.285,0
14290.26,13,0,0.949,1,0.452,0
1884.47,18,0,0.813,0,0.131,1
3478.11,10,27.42,0.809,0,0.153,0
399.4,19,33.63,0.522,0,0.587,0
2399.81,23,41.39,0.823,0,0.25,0
1086.21,6,0,0.972,1,0.291,0
530.3,1,40.61,0.643,1,0.333,1
1755.96,3,4.25,0.531,0,0.209,0
2633.68,7,0.22,0.771,0,0.315,0
408.38,18,15.91,0.431,0,0.19,0
3979.37,1,1.32,0.821,0,0.205,0
3985.34,14,24.61,0.937,1,0.468,0
1121.4,5,0,0.548,0,0.086,0
2044.47,14,0,0.885,0,0.205,0
752.81,23,22.78,0.849,0,0.211,0
2065.34,8,14.81,0.699,0,0.368,0
2129.73,1,0,0.766,0,0.181,0
9520.53,0,13.24,0.818,0,0.135,0
2399.63,12,0,0.833,0,0.112,0
1030.47,18,0,0.807,1,0.035,0
135.61,20,5.31,0.716,0,0.241,0
525.65,20,6.53,0.866,1,0.126,0
321.33,15,16.73,0.772,0,0.316,0
3179.59,12,30.53,0.592,0,0.078,0
1664.89,19,7.83,0.848,0,0.29,0
4261.82,15,0.83,0.688,0,0.491,0
891.62,5,41.06,0.784,0,0.329,0
2283.57,22,10.27,0.849,0,0.219,0
2369.86,12,24.32,0.66,0,0.326,0
1265.59,14,0,0.939,0,0.168,0
895.8,9,0,0.614,0,0.229,0
1312.42,4,2.07,0.764,1,0.492,0
2298.0,22,4.37,0.802,1,0.447,0
6888.7,16,4.5,0.762,0,0.483,0
1120.96,20,19.87,0.957,0,0.251,0
2306.5,4,1.01,0.798,0,0.638,0
1222.49,18,0,0.959,0,0.687,0
8970.9,5,13.53,0.572,0,0.407,0
725.98,18,3.73,0.647,0,0.149,0
8533.25,8,15.93,0.887,0,0.2,0
1243.13,11,13.01,0.937,1,0.312,0
1634.05,11,2.19,0.857,0,0.107,0
2054.25,2,9.84,0.959,0,0.088,0
2619.12,10,0,0.749,0,0.045,0
8555.06,19,6.71,0.719,1,0.304,0
2274.87,18,16.75,0.938,1,0.531,0
5711.29,1,0,0.564,1,0.347,0
932.64,11,0,0.943,0,0.785,1
1908.83,10,23.89,0.728,0,0.173,0
2504.63,13,18.01,0.922,0,0.337,0
3723.62,19,0,0.934,0,0.366,0
6342.4,20,0,0.398,0,0.285,0
629.47,8,23.06,0.792,0,0.426,1
3933.3,6,8.25,0.726,0,0.218,0
1441.79,15,10.3,0.961,0,0.144,0
564.68,1,0,0.764,0,0.439,1
359.0,16,8.7,0.88,0,0.147,0
6161.06,2,4.41,0.604,0,0.175,0
1293.34,1,17.34,0.756,0,0.638,0
3227.65,14,10.12,0.48,0,0.279,0
2266.09,15,4.42,0.754,0,0.133,0
12855.1,15,26.66,0.538,0,0.35,0
510.4,1,11.25,0.934,1,0.523,0
4498.93,13,0,0.801,0,0.264,0
1080.98,11,7.12,0.808,0,0.3,0
21061.59,21,0,0.68,0,0.114,0
1025.3,2,2.71,0.848,0,0.148,0
7081.37,18,5.23,0.755,1,0.576,0
13978.25,18,26.88,0.618,0,0.122,0
5424.92,22,29.06,0.878,0,0.374,0
1004.85,22,0,0.787,0,0.12,0
2884.16,22,9.71,0.744,0,0.214,0
3029.56,4,16.51,0.638,0,0.37,0
2211.33,21,0,0.655,0,0.38,0
540.08,18,0,0.936,1,0.819,0
3433.34,18,27.12,0.568,1,0.197,0
2083.47,8,28.89,0.751,0,0.123,1
440.64,6,17.85,0.597,0,0.28,0
6981.91,2,37.6,0.708,0,0.163,0
268.55,11,29.36,0.784,1,0.483,0
917.0,22,0.65,0.911,0,0.274,0
311.82,0,0,0.68,0,0.275,0
1618.8,6,3.22,0.888,0,0.15,0
1183.96,10,10.41,0.803,0,0.182,0
2779.7,4,0,0.835,1,0.359,0
2196.9,15,0,0.747,0,0.167,0
2951.59,17,13.76,0.615,0,0.162,0
5713.91,17,3.04,0.639,0,0.6,0
910.29,1,0,0.664,0,0.036,0
744.09,22,18.08,0.834,0,0.316,0
6201.23,12,1.89,0.861,0,0.18,0
1666.22,23,15.32,0.71,0,0.133,0
484.47,9,10.91,0.848,0,0.34,0
2308.65,16,4.61,0.593,0,0.642,0
769.2,17,21.77,0.687,0,0.103,0
3578.06,3,0,0.884,0,0.428,0
13023.27,14,28.77,0.505,0,0.395,0
1837.53,7,6.24,0.962,0,0.395,0
2604.18,1,16.77,0.815,0,0.408,0
3642.65,5,27.27,0.822,0,0.419,0
4724.22,14,28.86,0.962,0,0.387,0
1679.56,4,11.79,0.826,0,0.258,0
889.25,15,28.44,0.761,0,0.382,0
244.4,17,14.77,0.784,0,0.517,0
1559.61,9,29.49,0.837,0,0.346,0
1678.87,21,21.61,0.879,1,0.276,0
1046.95,23,10.95,0.748,1,0.222,0
3315.94,6,14.75,0.932,0,0.051,0
3785.2,14,38.46,0.897,0,0.342,0
192.49,23,10.32,0.765,1,0.142,0
758.28,23,15.53,0.732,0,0.122,0
4506.74,12,17.89,0.82,0,0.239,0
1802.75,0,4.72,0.909,0,0.165,0
1095.34,18,0,0.886,0,0.118,0
1051.84,14,0,0.741,0,0.049,0
1345.0,21,0,0.851,0,0.341,0
3964.17,22,1.69,0.955,0,0.267,0
2845.44,15,0,0.574,0,0.11,0
344.16,16,2.89,0.837,0,0.861,0
7180.13,15,1.84,0.659,0,0.259,0
2539.09,8,0,0.955,0,0.127,0
1642.39,0,2.53,0.887,0,0.345,0
2989.11,1,0,0.623,0,0.677,0
2854.56,18,0,0.864,0,0.134,0
122.67,8,0,0.824,0,0.27,0
669.49,23,0.3,0.683,0,0.47,0
2577.59,12,0,0.987,0,0.362,0
4146.37,7,1.57,0.49,1,0.192,0
9630.81,11,0,0.852,0,0.279,0
3332.09,9,23.21,0.967,0,0.066,0
656.35,12,38.15,0.868,0,0.595,0
1821.7,4,12.09,0.738,0,0.352,0
522.97,16,0,0.728,0,0.233,0
62615.86,4,0,0.803,0,0.291,0
4026.89,0,33.78,0.803,1,0.151,0
586.67,2,7.7,0.801,0,0.266,0
2638.9,23,0,0.832,1,0.298,0
1144.56,6,0,0.804,0,0.493,0
3097.77,20,20.18,0.649,0,0.088,0
728.21,0,14.19,0.406,0,0.436,0
1587.62,14,0,0.977,0,0.183,0
2720.12,7,35.16,0.88,0,0.104,0
1114.64,16,0,0.772,0,0.157,0
847.35,3,33.31,0.913,0,0.258,0
2748.18,23,42.48,0.774,0,0.274,0
1855.66,6,0,0.901,0,0.177,0
460.27,21,29.33,0.88,0,0.303,0
8204.52,13,0,0.754,0,0.29,0
2858.77,20,5.88,0.629,0,0.464,0
4534.64,18,0,0.801,0,0.216,0
817.11,12,0,0.82,0,0.196,0
2466.21,13,17.16,0.609,0,0.194,0
689.73,16,0,0.936,1,0.089,0
2101.75,11,0,0.898,0,0.441,0
2455.72,9,0,0.952,0,0.284,0
756.01,22,3.07,0.82,0,0.228,0
1058.22,0,0,0.774,0,0.265,0
1743.7,13,0,0.924,0,0.065,0
220.58,6,12.03,0.622,0,0.34,0
3524.66,23,5.78,0.842,0,0.171,0
359.66,22,0,0.786,0,0.267,0
5124.24,16,12.26,0.533,0,0.241,0
4333.34,17,8.74,0.747,0,0.19,0
10699.62,17,0,0.714,0,0.289,0
1407.31,0,7.08,0.87,0,0.092,1
1617.45,10,14.93,0.884,1,0.114,0
1906.13,22,30.6,0.683,0,0.114,0
6127.81,22,8.65,0.566,0,0.271,0
4022.17,7,29.96,0.924,0,0.165,0
1399.55,8,0.34,0.814,1,0.15,0
103.35,0,8.41,0.921,0,0.229,0
4172.88,21,0,0.67,0,0.175,0
4674.6,19,9.64,0.786,0,0.245,0
4171.48,1,0,0.744,0,0.101,0
464.27,9,30.83,0.694,0,0.238,0
2094.83,9,9.48,0.681,0,0.231,0
3635.67,3,2.91,0.937,0,0.325,0
825.96,23,13.11,0.647,0,0.203,0
892.66,1,11.24,0.668,1,0.595,1
1023.3,20,14.07,0.869,0,0.155,0
13665.62,19,0,0.685,0,0.059,0
632.76,6,0,0.744,1,0.691,0
2203.97,13,6.92,0.69,0,0.117,0
987.06,22,21.83,0.596,0,0.602,0
10545.79,3,9.89,0.671,0,0.25,0
6736.97,1,21.75,0.929,0,0.533,1
1884.37,21,20.21,0.892,0,0.122,0
4577.95,22,12.9,0.479,0,0.328,0
899.27,12,1.81,0.925,0,0.312,0
8300.97,22,5.4,0.733,0,0.083,0
1029.94,15,7.55,0.616,0,0.227,0
3901.73,21,0,0.639,0,0.283,0
18022.68,18,4.76,0.803,0,0.394,0
13060.92,23,19.45,0.653,0,0.024,0
5040.64,2,15.32,0.683,0,0.057,0
1154.5,3,1.27,0.616,0,0.543,0
19387.29,22,0,0.647,0,0.173,0
583.54,13,15.02,0.981,0,0.226,0
5028.13,12,0,0.911,0,0.362,0
1755.4,14,0,0.768,0,0.392,0
7718.78,21,18.01,0.912,0,0.326,0
10684.07,20,10.92,0.843,0,0.349,0
1201.92,12,0,0.762,0,0.254,0
580.62,13,33.24,0.86,0,0.206,0
1780.98,21,12.89,0.858,0,0.417,0
61.34,21,21.66,0.914,0,0.135,0
2150.53,13,4.88,0.51,1,0.237,0
2068.68,15,31.65,0.765,0,0.182,0
3051.8,17,15.07,0.504,0,0.025,0
7024.83,6,29.41,0.966,0,0.204,0
4223.81,10,5.04,0.737,0,0.021,0
720.33,8,21.59,0.833,0,0.197,0
3659.08,14,0,0.631,0,0.452,0
1087.04,8,3.5,0.834,0,0.245,0
451.47,2,0,0.56,0,0.583,0
3551.72,1,22.97,0.958,0,0.167,0
1237.28,7,7.26,0.827,1,0.396,0
15554.38,21,17.83,0.849,0,0.103,0
3492.16,0,10.2,0.781,0,0.576,0
3042.97,2,0,0.688,0,0.19,0
903.72,12,0,0.769,0,0.068,0
1861.38,23,8.3,0.913,0,0.44,0
2047.2,5,12.94,0.79,0,0.124,0
1131.76,16,10.44,0.366,0,0.189,0
601.25,23,9.07,0.78,0,0.597,0
3233.8,18,0,0.802,1,0.123,0
4325.93,22,64.79,0.67,0,0.284,1
3247.74,15,0,0.533,0,0.188,0
1173.58,6,11.62,0.787,0,0.295,0
15587.56,14,0,0.786,0,0.298,0
868.23,3,7.6,0.891,0,0.12,0
2161.95,23,9.69,0.699,1,0.27,0
6415.68,21,7.23,0.904,0,0.51,0
7106.32,15,4.38,0.765,0,0.38,0
229.25,5,4.71,0.651,0,0.502,0
287.6,16,26.98,0.566,0,0.471,0
1239.91,5,15.46,0.68,0,0.135,0
7923.46,3,29.72,0.806,0,0.143,0
982.59,12,14.72,0.956,0,0.333,0
1938.89,18,29.88,0.568,0,0.075,0
445.64,23,0,0.784,0,0.256,0
6017.65,19,2.92,0.728,0,0.426,0
537.95,4,0,0.961,0,0.165,0
269.52,9,0,0.93,1,0.265,0
1594.24,13,12.74,0.586,0,0.066,0
3002.37,2,0,0.916,0,0.285,0
1373.92,6,3.62,0.566,0,0.264,0
730.6,17,9.72,0.906,0,0.045,0
3167.69,3,0,0.932,0,0.063,0
379.72,14,0,0.715,0,0.044,0
2139.02,13,0,0.499,0,0.49,0
7654.6,1,0,0.608,0,0.091,0
1430.17,7,4.26,0.758,0,0.38,0
1460.1,16,11.18,0.812,0,0.281,0
1843.77,7,0,0.719,0,0.107,0
771.0,18,8.42,0.819,0,0.481,0
406.58,16,0,0.957,0,0.39,0
795.45,1,10.51,0.902,1,0.184,0
1779.69,6,0,0.827,0,0.388,0
2193.72,14,0,0.647,0,0.266,0
599.78,1,14.28,0.483,0,0.334,0
823.39,21,10.49,0.698,0,0.584,0
1162.74,10,4.36,0.779,0,0.342,0
348.78,19,0,0.669,0,0.1,0
3014.55,3,28.58,0.725,0,0.352,0
3752.51,6,4.52,0.793,0,0.243,0
1119.27,17,0,0.389,0,0.2,0
8175.74,21,2.34,0.775,0,0.286,1
5139.68,5,15.89,0.686,0,0.47,0
14022.61,22,21.17,0.939,0,0.126,0
7839.39,7,14.38,0.753,0,0.118,0
1913.93,0,11.23,0.917,0,0.035,0
2350.51,4,7.13,0.937,1,0.072,0
6643.72,1,17.95,0.947,0,0.14,1
13846.34,10,31.03,0.526,0,0.108,0
371.9,12,11.39,0.743,0,0.051,0
2150.04,11,13.88,0.756,1,0.229,0
909.55,5,12.91,0.846,0,0.465,0
7497.7,15,0,0.955,0,0.368,0
2572.63,10,31.12,0.76,0,0.176,0
8486.91,1,21.97,0.81,0,0.455,0
299.67,14,0,0.797,0,0.134,0
1886.82,22,0,0.817,0,0.218,0
1338.64,6,10.74,0.762,1,0.308,0
5581.03,10,23.98,0.859,0,0.082,0
734.82,21,0,0.948,0,0.276,0
2116.52,18,32.38,0.67,0,0.81,0
1291.8,5,17.22,0.746,0,0.443,1
2605.96,3,0,0.902,0,0.241,0
3483.04,1,3.46,0.75,0,0.324,0
821.55,23,4.76,0.878,0,0.415,0
2618.87,2,19.47,0.727,1,0.393,0
3909.89,14,28.02,0.795,0,0.446,0
4189.74,20,23.32,0.486,0,0.675,0
261.04,18,0,0.767,0,0.286,0
1636.16,0,0,0.782,0,0.44,0
245.29,17,23.37,0.603,0,0.449,0
815.49,2,32.08,0.844,0,0.417,1
2803.35,13,8.68,0.48,0,0.222,0
1147.27,5,0,0.913,0,0.175,0
1752.45,12,18.23,0.629,0,0.193,0
1964.49,13,10.88,0.73,0,0.601,0
849.97,13,2.13,0.898,0,0.442,0
258.39,2,8.16,0.893,0,0.135,0
1812.43,13,0,0.778,0,0.603,0
4239.76,9,8.84,0.896,0,0.345,0
2166.13,11,4.62,0.896,0,0.269,0
4099.08,9,33.13,0.844,0,0.127,0
1696.32,1,18.61,0.935,0,0.363,0
2940.55,7,10.47,0.7,0,0.191,0
197.17,21,30.12,0.75,0,0.225,0
1109.54,22,0,0.986,0,0.467,0
1086.08,12,4.03,0.805,0,0.326,0
2021.82,4,25.4,0.986,0,0.167,0
2734.75,5,0,0.943,0,0.421,0
862.69,15,0,0.693,0,0.295,0
1673.69,7,1.36,0.863,0,0.519,0
1769.5,11,0,0.864,0,0.107,0
4076.45,2,4.12,0.929,0,0.381,0
232.51,7,0,0.817,0,0.212,0
1356.67,11,13.83,0.62,0,0.179,0
1742.89,6,0,0.825,0,0.455,0
5672.34,6,30.45,0.809,0,0.034,0
3691.99,7,27.51,0.931,0,0.407,0
1986.82,1,5.01,0.839,0,0.036,0
4816.65,17,0,0.963,0,0.335,0
282.84,0,0,0.826,0,0.445,0
785.92,18,0,0.98,0,0.228,0
1391.13,23,0,0.536,1,0.284,0
920.02,22,16.0,0.966,0,0.433,0
2223.64,19,0,0.835,0,0.476,0
2362.4,0,15.37,0.738,0,0.396,0
2867.54,1,8.27,0.653,0,0.196,0
609.77,3,4.93,0.609,0,0.325,1
857.72,14,15.66,0.928,1,0.058,0
809.97,10,0,0.834,0,0.124,0
7954.87,2,0,0.896,0,0.203,1
1714.92,4,8.94,0.853,0,0.256,0
6478.75,17,14.7,0.731,0,0.389,0
607.06,2,12.99,0.78,0,0.2,0
1744.02,5,21.27,0.5,0,0.484,0
875.35,16,21.22,0.623,1,0.216,0
2656.96,8,0,0.732,0,0.397,0
1994.09,14,9.42,0.722,0,0.568,0
2031.73,1,21.48,0.745,0,0.378,0
328.64,20,19.02,0.687,0,0.511,0
1702.16,0,4.3,0.742,0,0.287,0
6532.27,5,0,0.949,0,0.216,0
3095.23,13,21.14,0.591,0,0.136,0
793.62,6,23.92,0.847,0,0.198,0
80.49,1,0,0.868,0,0.225,0
2850.66,12,19.18,0.687,0,0.322,0
2317.12,10,0,0.89,0,0.35,0
2306.66,17,29.74,0.89,0,0.11,0
3252.01,13,0,0.64,0,0.165,0
843.32,5,15.27,0.883,0,0.205,0
2200.43,3,15.74,0.93,0,0.227,0
242.49,19,0,0.505,0,0.524,0
918.23,17,0,0.566,1,0.424,0
3830.73,20,0,0.675,1,0.368,0
1255.48,2,17.17,0.903,1,0.159,1
511.28,21,19.18,0.691,0,0.302,0
580.69,23,0,0.645,0,0.501,0
794.31,1,31.01,0.854,0,0.146,1
389.68,18,7.88,0.902,0,0.095,0
1209.33,7,11.54,0.566,1,0.482,0
2692.86,7,0,0.876,0,0.248,0
2202.64,16,0,0.754,1,0.262,1
378.45,15,32.15,0.752,0,0.247,0
887.21,14,17.71,0.71,0,0.175,0
1866.48,19,23.88,0.689,0,0.678,0
686.53,18,6.8,0.642,1,0.083,0
12969.48,3,0,0.711,0,0.479,0
1512.2,17,7.13,0.943,0,0.088,0
3178.75,11,0,0.919,0,0.192,0
741.95,15,0,0.584,0,0.458,0
4205.41,3,9.25,0.945,0,0.291,0
5595.34,16,14.13,0.865,0,0.131,0
693.0,12,16.58,0.82,1,0.653,0
7397.36,6,32.64,0.858,0,0.141,0
1294.53,1,34.98,0.886,0,0.359,0
3416.05,11,0,0.707,0,0.02,0
4601.7,9,32.65,0.859,0,0.237,0
3358.0,1,0,0.95,0,0.323,0
10556.44,18,4.13,0.913,0,0.071,0
779.65,16,20.29,0.765,1,0.283,0
819.45,2,21.9,0.707,0,0.265,0
1671.14,23,14.89,0.94,0,0.685,0
6421.74,5,0,0.61,1,0.394,0
1188.41,6,0.46,0.744,0,0.133,0
587.1,21,0,0.622,0,0.28,0
2163.89,8,12.49,0.696,0,0.081,0
222.15,2,24.7,0.511,0,0.568,0
4742.09,14,0,0.939,1,0.052,0
2398.69,3,0,0.837,0,0.374,0
1405.1,4,0,0.472,0,0.328,0
2867.68,8,18.68,0.782,1,0.148,0
641.15,16,21.69,0.671,0,0.076,0
1097.18,6,4.15,0.888,0,0.348,0
4056.9,4,0,0.701,0,0.426,0
326.25,14,4.67,0.853,0,0.416,0
900.53,15,9.25,0.746,0,0.287,0
267.96,1,4.66,0.774,1,0.705,1
1497.62,18,0,0.874,0,0.26,0
4102.34,4,30.97,0.865,0,0.203,0
3941.22,22,1.29,0.455,0,0.081,0
1957.95,10,2.29,0.429,0,0.476,1
674.93,20,0,0.859,0,0.21,0
1132.41,11,4.64,0.955,0,0.299,0
2189.74,12,20.82,0.784,0,0.639,1
745.43,17,0,0.714,0,0.3,0
908.04,16,16.54,0.688,0,0.452,0
2279.89,17,39.6,0.521,0,0.575,1
1061.34,2,18.77,0.956,0,0.164,0
1447.0,5,12.39,0.821,0,0.497,1
13446.97,20,6.75,0.935,0,0.102,0
1088.13,16,0,0.818,0,0.02,0
1809.39,9,4.55,0.827,0,0.21,0
6655.39,16,28.09,0.814,0,0.516,0
3445.36,13,12.25,0.751,0,0.16,0
7000.81,1,0.13,0.916,0,0.132,0
3819.21,6,0,0.915,1,0.181,0
1257.06,16,8.73,0.674,0,0.464,0
13480.48,2,3.98,0.837,0,0.318,1
555.29,19,8.76,0.555,0,0.117,0
3640.13,0,2.73,0.793,0,0.382,0
430.63,19,5.05,0.745,0,0.137,0
2274.58,6,3.29,0.935,0,0.188,0
2596.11,18,19.11,0.945,0,0.28,0
487.1,2,6.37,0.691,1,0.69,0
1351.44,3,6.66,0.864,0,0.325,0
446.37,3,16.16,0.78,1,0.403,0
641.04,19,19.77,0.804,0,0.501,0
2399.29,16,0,0.568,0,0.271,0
621.87,16,8.9,0.866,0,0.393,0
721.04,8,2.45,0.664,0,0.429,0
1867.9,21,4.21,0.698,0,0.101,0
1596.01,8,0,0.597,1,0.421,0
408.52,2,29.99,0.624,0,0.523,0
194.17,13,0.99,0.851,0,0.165,0
580.8,6,2.69,0.806,0,0.199,0
1533.39,17,22.85,0.891,0,0.636,0
1251.18,17,0,0.592,0,0.08,0
4863.76,17,7.95,0.599,0,0.638,0
268.33,2,13.69,0.617,0,0.511,0
2115.48,21,3.83,0.83,0,0.098,0
1114.63,19,0,0.982,0,0.373,0
1308.42,20,1.65,0.569,0,0.088,0
752.51,18,0,0.635,0,0.122,0
1679.9,5,23.75,0.955,0,0.349,1
2493.4,4,0,0.682,0,0.081,0
1842.34,15,17.39,0.76,0,0.282,0
1731.07,11,9.62,0.798,0,0.427,0
1987.34,13,22.97,0.733,0,0.145,0
2568.87,1,17.42,0.814,0,0.194,0
5142.37,18,3.18,0.822,0,0.294,0
2612.4,6,16.1,0.744,0,0.161,0
292.61,14,21.94,0.88,0,0.489,0
4328.67,16,11.06,0.497,0,0.332,0
851.28,23,0,0.749,0,0.245,0
320.89,7,14.6,0.859,0,0.18,0
2001.97,12,11.86,0.83,0,0.067,0
2648.58,7,12.28,0.883,0,0.073,0
1019.26,21,4.54,0.833,0,0.386,0
334.9,11,17.76,0.905,0,0.233,0
1363.27,1,6.36,0.92,0,0.371,0
1459.14,23,0,0.763,0,0.173,0
1567.49,6,0,0.552,0,0.418,0
17149.54,11,9.2,0.858,0,0.079,0
11178.97,7,12.65,0.737,0,0.613,0
602.58,3,3.07,0.8,1,0.324,0
664.09,2,0,0.96,0,0.377,0
3004.15,22,16.31,0.787,0,0.346,0
894.01,23,16.53,0.979,0,0.247,0
3676.74,2,4.69,0.813,0,0.217,0
371.99,0,1.15,0.928,0,0.749,1
10846.71,12,0,0.87,0,0.539,0
1291.04,10,14.32,0.771,1,0.195,0
800.02,12,0,0.949,0,0.347,0
1392.3,1,2.31,0.974,0,0.05,0
1933.8,21,0,0.672,0,0.122,0
3359.34,15,5.17,0.882,0,0.401,0
607.68,21,0,0.77,0,0.236,0
2139.77,10,1.61,0.93,0,0.227,0
7155.44,1,31.38,0.847,0,0.383,0
3668.62,3,0,0.803,0,0.283,0
6371.28,14,13.16,0.739,0,0.635,0
7768.48,11,21.88,0.713,0,0.094,0
2483.4,5,23.02,0.351,0,0.23,0
704.45,21,0,0.696,0,0.108,0
832.74,4,8.17,0.805,0,0.317,0
2154.38,22,16.56,0.805,0,0.37,0
1893.56,11,0,0.793,1,0.127,0
999.7,10,2.01,0.817,0,0.026,0
6541.59,17,5.86,0.743,0,0.361,0
376.42,18,0,0.93,0,0.386,0
1486.62,5,3.22,0.776,0,0.073,0
8872.05,19,9.14,0.765,0,0.167,0
837.98,1,29.72,0.454,0,0.331,1
905.92,21,26.78,0.766,0,0.09,0
979.01,9,25.39,0.917,0,0.317,0
823.67,13,16.43,0.842,0,0.272,0
691.42,9,18.61,0.892,0,0.313,0
4067.43,12,8.62,0.707,0,0.261,0
16462.93,19,0,0.813,1,0.587,1
6481.24,13,17.24,0.691,0,0.477,0
585.71,15,4.35,0.824,0,0.168,0
11742.7,20,7.84,0.788,0,0.039,0
602.07,19,10.09,0.831,0,0.661,0
1315.58,5,9.23,0.851,0,0.291,1
2266.37,1,18.43,0.804,0,0.13,0
1367.47,0,0,0.638,0,0.297,0
3034.87,16,7.45,0.898,0,0.158,0
476.27,8,0,0.873,0,0.274,0
1502.34,0,0,0.732,0,0.324,0
183.11,9,0,0.848,1,0.045,0
2284.79,13,31.51,0.605,0,0.341,0
1537.08,4,10.54,0.886,0,0.22,0
1249.01,14,1.29,0.976,0,0.162,0
2505.89,8,16.79,0.687,1,0.712,0
3942.88,4,0,0.661,0,0.338,0
4047.64,0,0,0.811,0,0.506,0
414.45,15,12.2,0.712,0,0.5,0
3747.74,22,22.65,0.741,0,0.074,0
702.82,18,26.2,0.851,0,0.124,0
3015.53,12,6.78,0.893,0,0.293,0
348.18,21,11.77,0.834,0,0.253,0
2170.21,2,30.86,0.866,0,0.104,0
1677.2,0,15.35,0.789,0,0.418,0
5323.59,14,0,0.484,0,0.301,0
1509.86,19,0,0.779,0,0.317,0
3271.9,18,19.6,0.89,0,0.444,0
2853.71,5,0,0.78,1,0.229,0
540.79,14,0,0.835,0,0.281,0
1183.38,4,24.25,0.778,0,0.359,0
1161.93,23,9.3,0.796,0,0.501,0
1714.89,15,20.44,0.967,0,0.526,0
2913.05,5,0,0.727,0,0.392,0
1575.35,6,0,0.84,0,0.319,0
3492.1,2,1.14,0.695,0,0.205,0
1678.4,10,0,0.802,0,0.037,0
3772.76,12,28.43,0.805,0,0.31,0
4885.68,0,14.34,0.706,0,0.224,0
531.48,18,7.42,0.801,0,0.216,0
6619.86,9,21.85,0.709,0,0.306,0
734.11,1,1.82,0.907,0,0.248,0
1929.85,17,33.75,0.838,0,0.528,0
501.46,2,0.09,0.883,0,0.378,0
1100.64,17,2.41,0.819,0,0.371,0
5489.55,14,11.97,0.77,0,0.067,0
1412.78,3,35.18,0.643,0,0.481,0
7418.57,9,0,0.747,0,0.38,0
16829.07,14,9.21,0.783,1,0.102,0
6094.41,19,41.69,0.756,0,0.429,0
2784.28,22,1.82,0.834,1,0.226,0
1695.98,20,17.73,0.794,0,0.328,0
1128.94,10,2.97,0.553,0,0.082,0
1625.64,12,27.26,0.887,0,0.022,0
8952.91,13,34.89,0.723,0,0.215,0
2283.25,20,11.63,0.689,0,0.442,0
948.77,4,0,0.745,0,0.274,0
5816.38,3,39.18,0.8,0,0.245,0
4571.84,1,9.08,0.692,0,0.196,0
12972.49,1,5.82,0.933,0,0.275,0
1459.67,21,32.37,0.778,0,0.155,0
1315.73,22,0,0.797,0,0.589,0
4399.53,18,7.49,0.848,0,0.104,0
359.87,19,0,0.808,1,0.378,0
3180.83,1,0,0.893,0,0.172,0
284.09,23,0,0.909,0,0.177,0
621.47,17,0,0.859,1,0.205,0
594.86,6,0,0.672,0,0.286,0
3000.6,16,0,0.766,1,0.114,0
2427.43,21,0,0.949,0,0.205,0
1352.68,23,6.04,0.86,0,0.225,0
3993.52,13,11.62,0.814,0,0.41,0
3796.13,9,2.7,0.855,0,0.366,0
443.87,20,11.86,0.903,0,0.478,0
2871.08,7,24.66,0.616,0,0.359,0
2141.87,2,31.27,0.942,0,0.376,0
1809.81,15,9.62,0.707,1,0.172,0
1585.93,16,0,0.881,0,0.568,0
5398.61,18,9.46,0.736,1,0.349,0
7655.04,4,0,0.919,0,0.346,0
1411.59,20,0.42,0.807,0,0.268,0
994.84,19,12.03,0.93,0,0.243,0
5379.61,13,50.73,0.902,0,0.276,0
2504.43,11,7.26,0.816,0,0.298,0
110.86,11,21.37,0.776,1,0.2,0
2423.59,12,23.21,0.633,0,0.355,0
2151.71,0,0,0.807,0,0.611,0
2261.04,17,28.89,0.732,0,0.127,0
388.19,23,7.48,0.846,0,0.224,0
10891.78,9,42.82,0.593,0,0.138,1
551.82,8,22.54,0.831,0,0.38,0
3024.01,17,10.3,0.846,0,0.242,0
1885.46,4,38.61,0.867,1,0.193,1
3369.51,20,44.32,0.885,0,0.101,0
2974.01,20,12.38,0.909,0,0.504,0
5419.08,14,2.96,0.845,0,0.219,0
2337.98,14,4.12,0.814,0,0.228,0
5170.25,8,8.35,0.885,0,0.06,0
654.14,2,5.83,0.816,1,0.223,0
41481.42,21,0,0.725,0,0.114,0
3204.85,21,1.59,0.825,0,0.057,0
614.68,15,0,0.861,0,0.241,0
1517.03,8,14.22,0.796,0,0.344,0
392.15,18,0,0.799,0,0.504,0
1267.61,20,0.18,0.804,0,0.231,0
4305.1,11,0,0.512,1,0.136,0
302.99,14,11.71,0.9,0,0.605,0
3103.55,16,11.71,0.745,0,0.427,0
1834.11,15,0,0.722,0,0.321,0
6617.57,17,12.41,0.669,0,0.253,0
11232.9,8,0,0.715,0,0.134,0
1256.36,14,0,0.7,0,0.318,0
2076.49,18,2.35,0.778,0,0.418,0
3523.61,15,0,0.798,0,0.16,0
1651.52,19,17.35,0.808,1,0.669,0
1764.9,2,13.59,0.54,0,0.199,0
4805.26,7,0,0.763,0,0.309,0
1001.69,8,16.97,0.821,0,0.359,0
320.18,14,0.01,0.923,0,0.159,0
680.82,16,18.3,0.764,0,0.561,0
3425.4,4,4.21,0.602,0,0.276,0
7177.74,19,29.09,0.634,0,0.325,0
1532.32,2,0,0.721,0,0.539,1
1187.69,15,15.85,0.711,0,0.044,0
1517.93,19,0,0.688,0,0.298,0
982.13,22,1.42,0.934,0,0.063,0
1556.98,0,0,0.472,1,0.427,1
1506.4,0,0,0.69,0,0.312,0
444.81,2,27.94,0.968,1,0.063,1
543.54,22,0,0.849,0,0.03,0
4366.41,13,15.79,0.66,0,0.556,0
2666.22,23,0,0.592,0,0.083,0
733.32,23,0,0.904,0,0.285,0
971.27,19,0,0.816,0,0.089,0
2424.98,22,7.79,0.876,0,0.356,0
5585.97,14,10.25,0.915,0,0.587,0
1150.76,4,17.32,0.901,0,0.171,0
5301.45,15,14.19,0.972,0,0.051,0
1863.33,13,5.11,0.888,0,0.326,0
524.67,7,0,0.354,0,0.277,0
2005.04,18,14.99,0.559,0,0.166,0
2551.56,22,12.72,0.742,0,0.404,0
4582.03,9,26.56,0.833,1,0.511,1
8511.33,12,9.39,0.908,0,0.41,0
4249.06,17,0,0.875,0,0.458,0
585.29,12,4.43,0.759,0,0.21,0
1123.83,7,0.76,0.664,0,0.371,0
16848.27,8,19.73,0.827,0,0.286,0
2925.55,19,6.63,0.752,1,0.325,0
1244.5,4,0,0.874,0,0.344,0
2658.6,3,5.26,0.722,0,0.541,0
1279.91,7,20.39,0.738,0,0.595,0
941.83,6,14.6,0.647,0,0.215,0
3015.72,10,0,0.928,1,0.242,0
418.32,6,0,0.9,0,0.447,0
3002.83,9,10.53,0.818,0,0.224,0
6185.54,19,0,0.796,1,0.237,0
1899.47,8,21.39,0.903,0,0.223,0
720.11,22,10.3,0.572,0,0.411,0
7814.78,13,0,0.442,0,0.289,0
1214.62,9,23.08,0.711,0,0.604,0
134.39,12,15.04,0.874,1,0.704,1
4608.23,2,3.55,0.715,0,0.359,0
1336.2,17,14.02,0.712,0,0.6,0
733.53,12,33.2,0.87,0,0.029,0
6029.4,11,7.07,0.94,1,0.395,0
1057.43,16,10.48,0.815,0,0.369,0
1951.74,5,0,0.955,0,0.052,0
830.6,12,21.65,0.759,1,0.364,0
1219.69,16,9.91,0.918,0,0.597,0
1919.84,12,9.57,0.959,0,0.822,0
4141.55,14,0,0.991,0,0.289,0
2918.76,1,3.99,0.759,0,0.244,0
661.39,19,5.08,0.703,0,0.05,0
2680.43,20,5.47,0.822,0,0.545,0
350.4,20,0,0.969,0,0.447,0
7815.56,16,0,0.292,0,0.134,0
1011.01,17,9.73,0.696,0,0.582,0
5881.79,11,18.5,0.742,0,0.257,1
1077.99,11,8.54,0.795,0,0.493,0
5390.02,14,2.75,0.893,0,0.236,0
6148.91,11,12.34,0.729,0,0.402,0
637.33,10,5.21,0.776,0,0.146,0
476.42,20,0,0.605,0,0.203,0
1804.27,1,0,0.693,0,0.054,0
144.15,8,15.38,0.648,1,0.172,0
2304.9,20,9.83,0.604,0,0.289,0
3277.08,18,7.82,0.703,0,0.287,0
6099.65,6,0,0.758,0,0.236,0
4603.91,18,10.4,0.762,1,0.204,0
1122.27,20,5.5,0.917,0,0.003,0
3604.65,11,11.62,0.837,0,0.144,0
5876.56,23,30.08,0.802,0,0.586,0
2572.43,14,18.32,0.852,1,0.171,0
3376.85,0,1.45,0.662,0,0.059,0
1127.01,3,0,0.64,0,0.453,1
1567.13,9,3.25,0.678,1,0.148,0
900.91,1,0,0.896,0,0.353,0
407.39,10,15.4,0.945,1,0.65,0
478.57,17,0,0.782,0,0.178,0
2071.27,14,35.15,0.939,0,0.266,1
504.45,21,0,0.761,0,0.471,0
7680.23,13,2.77,0.81,0,0.146,0
1116.92,18,27.99,0.772,0,0.195,0
2347.84,19,11.08,0.642,0,0.238,0
5146.94,0,12.06,0.663,0,0.338,0
6285.96,0,0,0.559,0,0.351,0
1108.0,22,21.11,0.852,0,0.353,0
951.09,19,17.57,0.683,0,0.389,0
2871.66,13,15.83,0.889,0,0.709,0
2680.11,1,3.7,0.467,0,0.325,0
790.33,0,0,0.921,0,0.223,0
2733.47,23,0,0.535,0,0.242,0
6056.62,2,27.97,0.933,0,0.325,0
4723.75,4,22.37,0.938,0,0.118,0
2221.01,17,15.93,0.614,0,0.17,0
1610.55,5,4.91,0.918,0,0.432,0
995.48,6,10.54,0.896,0,0.187,0
2184.01,6,17.5,0.775,0,0.276,0
248.21,2,0,0.689,0,0.162,0
2780.65,19,0,0.948,1,0.226,0
137.32,23,9.9,0.862,0,0.218,0
1366.15,18,11.17,0.861,0,0.345,0
1484.49,16,12.54,0.745,0,0.218,0
3699.48,0,20.21,0.913,0,0.247,1
6841.95,18,20.74,0.784,0,0.109,0
6093.13,16,0,0.732,1,0.184,0
788.1,23,4.86,0.769,0,0.261,0
1300.38,8,22.09,0.897,0,0.33,0
1378.5,16,17.17,0.731,0,0.005,0
4593.38,5,11.88,0.897,0,0.085,0
1284.5,3,0,0.5,0,0.311,0
1360.59,2,9.63,0.6,0,0.079,0
31558.61,19,0,0.681,0,0.043,0
3626.1,19,0,0.702,0,0.253,0
1131.28,3,19.0,0.61,0,0.336,0
1231.74,18,0,0.95,0,0.288,0
3129.75,14,3.11,0.72,0,0.645,0
1354.88,16,0,0.649,0,0.098,0
1916.22,21,8.33,0.911,0,0.058,0
4115.71,9,10.57,0.686,0,0.239,0
1507.39,19,0,0.762,0,0.516,0
1364.72,18,0,0.7,1,0.482,0
3998.55,9,23.8,0.962,0,0.479,0
4886.51,22,7.43,0.888,0,0.143,0
2143.03,17,29.27,0.933,0,0.451,0
255.56,10,0.65,0.928,0,0.509,0
13150.25,15,4.79,0.744,0,0.382,0
2265.7,8,0,0.764,1,0.311,0
1285.85,10,25.95,0.545,0,0.288,0
1208.39,1,8.15,0.757,0,0.066,0
217.04,0,6.99,0.777,0,0.242,0
3065.46,17,16.53,0.979,0,0.261,0
2755.34,2,15.28,0.686,1,0.337,1
1201.39,7,3.79,0.952,0,0.332,0
134.68,13,10.34,0.909,0,0.23,0
244.31,20,5.75,0.78,1,0.245,0
1038.9,16,0,0.937,0,0.13,0
1048.92,14,20.59,0.854,0,0.278,0
2867.6,19,0,0.797,1,0.048,0
1030.8,13,19.66,0.617,0,0.414,0
702.74,23,43.06,0.67,0,0.234,0
628.92,16,1.9,0.762,1,0.234,0
1481.48,21,4.24,0.946,0,0.462,0
989.43,10,9.62,0.67,0,0.422,0
1424.57,22,17.43,0.628,0,0.312,0
311.08,14,29.56,0.967,0,0.435,0
1532.63,23,0,0.916,0,0.223,0
2543.52,10,0,0.95,0,0.013,0
2128.76,21,12.58,0.887,0,0.211,0
1109.07,17,31.58,0.539,0,0.227,0
2503.72,7,16.17,0.659,0,0.442,0
9793.08,4,10.1,0.742,0,0.368,0
1329.48,21,5.81,0.472,0,0.243,0
4297.55,16,16.96,0.907,0,0.109,0
2023.84,10,0,0.96,0,0.34,0
4950.01,8,3.84,0.37,0,0.33,0
4164.46,4,7.71,0.851,0,0.507,0
806.48,4,4.64,0.903,0,0.402,0
2545.33,4,10.38,0.702,0,0.694,0
1042.38,4,0,0.561,0,0.348,0
3133.92,19,13.25,0.714,0,0.065,0
1546.1,23,0,0.897,0,0.243,0
1414.5,1,9.65,0.623,0,0.124,0
233.63,0,0,0.584,0,0.442,0
11435.05,0,4.18,0.931,0,0.4,0
4587.76,2,30.64,0.933,0,0.243,0
1069.17,13,14.22,0.966,0,0.299,0
1834.46,18,36.22,0.863,0,0.138,0
5486.38,1,0,0.809,0,0.056,0
3604.62,10,0,0.595,0,0.299,0
680.12,0,0,0.741,1,0.255,0
459.14,20,0,0.745,0,0.348,0
5691.95,1,14.92,0.831,0,0.302,0
423.31,6,16.05,0.713,0,0.29,0
2205.2,12,19.77,0.907,1,0.174,0
2806.84,3,19.87,0.932,0,0.239,0
309.6,13,0,0.839,0,0.484,0
672.7,9,16.28,0.899,0,0.281,0
1494.63,11,15.57,0.942,1,0.447,0
6812.28,18,11.52,0.663,0,0.362,0
985.62,15,18.62,0.875,0,0.166,0
618.31,6,22.92,0.935,0,0.391,0
2480.29,0,0,0.871,1,0.431,0
7995.39,14,1.2,0.738,0,0.303,0
4410.62,0,16.03,0.605,0,0.553,0
1628.32,12,0,0.632,0,0.394,0
1909.67,1,25.46,0.863,0,0.243,0
771.86,3,0,0.749,0,0.299,0
1077.98,8,26.13,0.968,0,0.152,0
2899.68,20,5.69,0.829,0,0.194,0
195.28,10,0,0.911,0,0.28,0
5647.18,3,3.95,0.879,0,0.196,0
3869.57,12,5.64,0.817,0,0.114,0
400.52,20,1.28,0.746,0,0.447,0
255.67,16,0,0.718,0,0.209,0
2362.65,3,12.2,0.664,0,0.071,0
865.27,8,17.65,0.831,0,0.247,0
6132.34,14,0,0.529,0,0.292,0
5722.97,18,0,0.868,0,0.199,0
1074.34,18,2.48,0.957,0,0.241,1
739.72,1,2.85,0.723,1,0.324,0
1561.68,4,5.29,0.858,0,0.246,0
1315.64,9,0,0.307,0,0.243,0
2604.66,0,0,0.732,0,0.654,0
997.03,4,28.08,0.674,0,0.157,0
578.57,9,0.74,0.552,1,0.409,0
2459.98,13,12.6,0.738,0,0.296,0
3473.79,5,47.73,0.634,0,0.072,0
150.53,9,8.47,0.922,0,0.073,0
2146.91,18,28.61,0.965,1,0.419,0
2071.22,6,7.12,0.996,0,0.398,0
1163.9,11,0,0.732,0,0.301,0
17507.7,15,0,0.736,0,0.137,0
2189.1,6,8.41,0.781,0,0.315,0
970.38,9,14.52,0.909,0,0.062,0
2492.23,9,3.95,0.766,0,0.3,0
5768.99,2,0,0.654,0,0.071,0
1259.26,14,16.81,0.949,0,0.206,0
3774.93,18,15.29,0.884,0,0.034,0
3629.34,20,0,0.598,0,0.234,0
4251.42,16,0,0.795,0,0.392,0
3194.59,12,34.33,0.976,0,0.173,0
9119.64,9,20.08,0.852,0,0.066,0
16354.86,23,0,0.981,0,0.53,0
1292.96,2,5.18,0.955,0,0.526,0
136.95,5,1.88,0.751,0,0.649,1
2005.89,7,10.42,0.834,1,0.406,0
1803.38,23,6.87,0.729,0,0.563,0
1153.88,8,0,0.652,0,0.457,0
1142.88,21,20.03,0.556,0,0.426,0
6139.31,20,35.31,0.878,0,0.154,0
236.7,9,1.61,0.714,0,0.547,0
404.0,23,0,0.82,0,0.675,0
7397.32,16,0,0.915,0,0.123,0
3005.15,15,17.33,0.966,0,0.511,0
9285.85,7,9.3,0.809,0,0.198,0
1495.85,0,0,0.818,0,0.328,0
608.56,1,13.87,0.773,0,0.386,0
327.69,0,0,0.866,0,0.145,0
27396.59,0,1.51,0.753,0,0.05,0
412.06,15,5.96,0.795,0,0.302,0
1061.11,0,22.38,0.806,1,0.346,1
3401.81,16,12.41,0.626,0,0.101,0
2318.39,12,8.32,0.9,0,0.461,0
2523.57,0,16.1,0.981,0,0.27,0
3875.98,12,13.7,0.925,0,0.209,0
1953.55,18,28.4,0.927,0,0.128,0
2690.22,21,45.56,0.728,0,0.334,0
854.78,12,0,0.656,0,0.355,0
583.51,11,17.58,0.857,0,0.241,0
1104.91,5,0,0.794,0,0.253,0
12437.44,16,5.98,0.699,0,0.245,0
2322.69,3,0,0.81,0,0.26,0
1064.21,10,27.92,0.672,1,0.072,0
360.18,7,0,0.728,1,0.411,0
939.75,16,0,0.769,1,0.294,0
1581.62,23,2.03,0.574,0,0.21,0
4527.31,15,6.62,0.808,0,0.101,0
2279.6,12,30.13,0.761,0,0.279,0
2275.96,23,8.29,0.646,0,0.107,0
398.65,12,31.61,0.96,0,0.423,0
333.35,4,6.84,0.909,1,0.238,0
1162.64,13,8.66,0.905,0,0.276,0
8736.67,20,0,0.443,1,0.263,0
835.83,3,24.29,0.952,0,0.159,0
7931.86,20,19.72,0.685,0,0.337,0
4322.78,3,6.05,0.97,1,0.082,0
260.39,16,0,0.704,0,0.534,0
3708.75,11,0,0.931,0,0.129,0
4570.42,19,17.44,0.702,0,0.538,0
18832.07,20,0,0.772,0,0.215,0
2207.52,18,53.18,0.646,0,0.145,1
1200.26,11,3.51,0.854,0,0.042,0
6011.62,6,16.35,0.901,0,0.404,0
1807.22,6,7.36,0.868,0,0.171,0
5500.78,3,12.99,0.638,0,0.255,0
644.03,2,0,0.962,0,0.551,0
928.41,9,13.62,0.878,1,0.344,0
1267.7,17,0,0.792,1,0.413,0
2094.46,17,0,0.558,1,0.328,0
5196.61,18,9.85,0.753,0,0.068,0
1031.03,16,1.6,0.881,0,0.22,0
246.51,0,0,0.864,0,0.14,0
8899.66,20,0,0.59,0,0.096,0
1964.66,22,25.34,0.719,1,0.294,0
921.46,6,0,0.847,0,0.111,0
1564.73,14,0,0.582,1,0.242,0
377.96,18,0.52,0.697,0,0.064,0
802.46,19,7.98,0.804,1,0.246,0
1152.76,10,0,0.935,0,0.122,0
2443.35,22,0,0.698,0,0.328,0
2753.52,6,30.77,0.664,0,0.082,0
3178.82,13,0,0.808,0,0.212,0
4293.58,14,2.78,0.758,0,0.198,0
7005.15,12,3.15,0.76,1,0.487,0
512.17,8,4.07,0.847,0,0.501,0
8487.14,19,9.83,0.899,1,0.507,0
1155.96,10,5.35,0.7,0,0.137,0
2026.55,0,5.67,0.573,0,0.359,0
1718.65,3,0,0.415,0,0.25,0
3300.72,19,25.87,0.927,0,0.245,0
11135.39,0,22.99,0.941,0,0.355,1
306.49,15,19.76,0.923,0,0.47,0
901.25,6,0,0.674,0,0.29,0
3279.81,6,36.22,0.665,0,0.648,0
1341.49,21,0,0.729,0,0.556,0
751.44,1,0.92,0.676,0,0.298,0
2288.82,21,0,0.687,0,0.1,0
127.53,2,0.06,0.911,0,0.151,0
2216.28,3,15.02,0.769,0,0.393,0
1485.4,6,0,0.884,0,0.101,0
6213.48,21,14.92,0.934,0,0.278,0
2867.19,20,0,0.992,0,0.23,0
8190.87,4,19.69,0.963,0,0.245,0
543.69,23,12.51,0.884,0,0.184,0
1352.08,6,22.49,0.797,0,0.225,0
482.11,21,25.22,0.732,0,0.431,0
6838.2,0,14.56,0.812,0,0.134,0
1119.54,0,12.47,0.942,1,0.139,0
298.09,11,5.9,0.873,0,0.388,0
1949.85,11,7.49,0.68,0,0.103,0
3687.45,3,0,0.697,0,0.253,0
958.52,10,20.7,0.77,1,0.35,0
1123.5,22,0,0.63,0,0.355,0
408.45,10,7.89,0.896,0,0.174,0
8097.23,19,12.54,0.83,0,0.217,0
3073.93,21,35.16,0.537,0,0.22,0
3098.96,4,34.92,0.592,0,0.255,0
2581.98,10,3.08,0.907,0,0.081,0
4222.36,22,10.39,0.936,0,0.085,0
2021.38,0,7.54,0.921,0,0.812,0
4794.92,4,0,0.606,0,0.045,0
880.76,1,0,0.85,0,0.578,0
2618.22,0,21.0,0.73,0,0.277,0
908.93,6,0,0.873,1,0.511,0
6746.98,13,5.8,0.591,0,0.109,0
2444.1,10,16.03,0.834,0,0.188,0
732.52,11,9.58,0.789,0,0.319,0
1346.04,4,11.49,0.914,0,0.276,0
2975.37,15,4.76,0.882,1,0.067,0
2262.56,13,0,0.802,1,0.307,1
2691.31,5,13.19,0.928,1,0.135,0
717.38,1,7.46,0.898,0,0.621,0
1148.46,5,29.72,0.777,0,0.133,0
611.22,6,0,0.748,0,0.471,0
349.76,3,44.96,0.788,0,0.454,1
850.86,16,0,0.846,0,0.162,0
142.45,5,0,0.773,0,0.479,0
4339.49,3,0,0.871,0,0.239,0
1120.79,5,0,0.813,0,0.264,0
707.49,9,25.66,0.953,0,0.5,0
12294.23,23,13.69,0.589,0,0.214,0
1755.72,18,2.08,0.841,0,0.128,0
20366.93,10,9.0,0.673,0,0.255,0
15386.99,2,0,0.918,0,0.292,0
13217.85,4,25.58,0.863,0,0.356,0
222.19,23,17.46,0.621,1,0.298,0
6351.17,20,32.83,0.98,0,0.069,1
2938.47,15,2.92,0.67,0,0.248,0
2707.51,22,3.64,0.973,0,0.41,0
5448.28,13,9.24,0.82,0,0.386,0
1686.99,1,2.59,0.804,1,0.137,0
1900.9,10,3.65,0.489,0,0.29,0
2193.18,16,0,0.82,0,0.226,0
9837.63,15,16.09,0.918,0,0.393,0
1244.23,4,0,0.781,0,0.074,0
630.02,7,6.88,0.887,0,0.466,0
5049.12,17,27.54,0.955,0,0.589,0
2304.04,21,7.02,0.807,0,0.213,0
1125.86,5,0,0.882,0,0.725,0
243.46,13,10.23,0.84,0,0.116,0
657.1,15,0,0.871,1,0.177,0
477.52,16,21.53,0.969,0,0.084,0
1172.21,11,34.14,0.795,0,0.052,0
2110.12,6,24.21,0.96,0,0.045,0
23193.4,4,14.81,0.591,1,0.528,1
507.94,5,14.4,0.5,0,0.143,0
1404.73,7,19.36,0.638,0,0.039,0
2239.36,0,11.36,0.928,0,0.27,0
13828.33,19,8.62,0.692,0,0.292,0
4960.59,20,22.97,0.65,0,0.137,0
1084.65,0,0,0.748,1,0.385,1
2690.59,20,10.35,0.684,0,0.156,0
979.85,15,20.52,0.819,0,0.606,0
2544.71,7,12.51,0.857,0,0.089,0
111.45,9,3.56,0.866,1,0.469,0
389.64,23,0,0.705,0,0.396,0
3401.35,16,0,0.836,0,0.358,0
2349.44,12,0,0.574,0,0.085,0
16313.43,15,20.78,0.768,0,0.418,0
2749.12,5,26.67,0.438,0,0.263,0
3881.38,10,9.14,0.737,0,0.235,0
3410.54,15,0,0.825,0,0.082,0
924.77,8,31.21,0.915,0,0.173,0
252.48,8,25.98,0.612,0,0.298,0
1324.96,14,5.2,0.636,0,0.424,0
3238.49,4,10.91,0.766,0,0.366,0
1077.83,5,1.19,0.537,0,0.232,0
700.56,16,7.75,0.776,0,0.506,0
516.97,21,25.06,0.544,0,0.105,0
735.54,9,0,0.721,0,0.062,0
6003.19,10,6.92,0.767,0,0.344,0
2325.27,19,10.54,0.692,0,0.366,0
164.62,1,2.77,0.857,0,0.408,0
1536.24,1,0,0.783,0,0.5,0
821.63,4,8.04,0.655,0,0.372,0
1802.66,10,14.08,0.377,0,0.12,0
295.4,17,1.73,0.5,0,0.307,1
3788.03,12,0,0.921,0,0.522,0
5327.28,10,9.88,0.709,1,0.264,0
5011.65,20,0,0.884,0,0.121,0
4677.76,20,0,0.963,0,0.055,0
8987.8,23,15.79,0.893,0,0.6,0
2262.95,16,0,0.679,0,0.127,0
7017.74,17,0,0.755,0,0.177,0
3762.1,0,0,0.926,0,0.358,0
2131.13,9,23.5,0.391,1,0.255,0
1173.2,22,1.14,0.765,0,0.029,0
649.67,19,16.05,0.863,0,0.17,0
1027.09,10,0,0.543,0,0.044,0
11691.26,12,12.51,0.852,0,0.365,0
919.34,0,32.09,0.979,0,0.518,1
2617.48,16,0,0.77,0,0.16,0
766.69,2,0,0.873,0,0.133,0
15598.15,8,1.26,0.76,0,0.214,0
7717.59,1,6.97,0.835,0,0.226,0
1155.23,20,30.51,0.772,0,0.183,0
742.93,16,0.91,0.791,0,0.181,0
6307.32,9,2.7,0.783,0,0.392,0
2673.18,1,30.49,0.644,0,0.385,1
732.69,14,0,0.893,1,0.429,0
5011.21,0,17.32,0.81,0,0.295,1
1324.86,18,29.58,0.65,0,0.277,0
3851.54,19,7.41,0.881,0,0.088,0
3066.18,19,7.07,0.806,0,0.261,0
615.71,22,0.55,0.898,0,0.103,0
696.45,21,0,0.909,0,0.028,0
189.88,7,0.96,0.836,0,0.264,0
739.06,22,0,0.413,0,0.394,0
1746.22,6,2.0,0.895,0,0.314,0
572.2,16,31.8,0.673,0,0.448,0
6264.97,2,7.89,0.69,0,0.243,0
570.78,22,0,0.894,0,0.344,0
949.37,19,21.21,0.914,0,0.143,0
731.53,16,1.27,0.777,0,0.218,0
1914.45,19,22.7,0.339,0,0.174,0
576.65,20,16.18,0.588,0,0.157,0
10110.13,10,11.44,0.832,0,0.195,0
969.08,3,20.75,0.859,0,0.143,0
4384.14,2,0,0.676,0,0.401,0
3439.86,3,15.93,0.802,1,0.483,1
762.08,11,28.39,0.868,0,0.622,0
2418.82,5,3.46,0.637,0,0.072,0
2011.12,22,22.47,0.84,0,0.273,0
2621.76,6,20.79,0.989,0,0.129,1
8674.99,21,0.63,0.646,0,0.398,0
488.07,4,12.49,0.765,0,0.184,0
1009.2,7,32.03,0.968,1,0.305,0
793.35,10,0,0.657,0,0.131,0
774.2,14,8.8,0.766,0,0.354,0
5558.38,1,17.7,0.648,0,0.028,0
336.06,5,5.37,0.894,0,0.252,0
1272.41,7,12.83,0.952,0,0.433,0
618.24,5,10.63,0.797,0,0.07,0
678.82,5,10.65,0.887,0,0.204,0
853.0,17,21.8,0.828,0,0.361,0
1114.47,7,30.6,0.861,0,0.468,0
3689.39,12,0,0.774,0,0.343,0
1115.54,13,0,0.684,0,0.39,0
2268.52,17,4.94,0.729,0,0.038,0
1049.1,8,20.25,0.687,0,0.401,0
571.43,10,0,0.875,0,0.17,0
6000.63,13,30.65,0.978,0,0.098,0
3360.1,4,11.03,0.898,1,0.307,0
736.58,18,0,0.691,0,0.319,0
1031.85,23,0,0.656,0,0.207,0
2302.18,18,11.12,0.801,0,0.127,0
1429.1,5,2.6,0.926,0,0.283,0
767.32,4,5.01,0.723,0,0.359,0
112.12,23,2.88,0.652,0,0.372,0
1886.2,4,21.31,0.724,0,0.35,0
2589.84,19,0,0.864,0,0.056,0
1068.2,3,4.54,0.707,0,0.284,0
403.31,3,11.18,0.729,0,0.219,0
11964.05,12,0,0.786,0,0.482,0
1099.63,5,0,0.802,0,0.505,0
858.68,9,12.21,0.819,0,0.18,0
1172.33,0,28.61,0.822,0,0.14,0
707.41,6,0,0.77,1,0.14,0
1083.02,0,31.75,0.965,0,0.061,0
1280.88,7,1.63,0.827,0,0.678,0
8702.42,12,0,0.735,1,0.435,1
893.55,22,6.86,0.891,0,0.255,0
1660.24,21,15.63,0.689,0,0.467,0
2365.38,6,8.64,0.898,0,0.19,0
491.47,6,12.54,0.751,0,0.364,0
10134.69,10,2.18,0.915,0,0.214,0
1476.7,1,5.29,0.643,0,0.162,0
7699.35,0,0,0.959,0,0.44,0
4184.05,14,0,0.626,0,0.291,0
2174.24,4,7.54,0.711,0,0.33,0
5158.84,2,21.7,0.734,0,0.446,1
2012.5,22,4.65,0.772,1,0.481,0
4326.96,0,4.63,0.506,0,0.259,0
4335.17,12,6.6,0.928,1,0.36,0
1880.51,8,6.27,0.197,0,0.294,0
595.56,18,23.15,0.956,0,0.612,0
945.35,11,10.52,0.892,0,0.433,0
2067.21,9,0,0.805,0,0.297,0
1941.88,14,35.63,0.957,0,0.1,0
246.7,14,4.62,0.453,0,0.609,0
699.85,3,3.58,0.786,0,0.152,1
1917.95,5,35.58,0.827,0,0.372,0
998.94,3,12.15,0.901,0,0.065,0
3988.43,4,21.46,0.724,0,0.148,0
1160.35,14,0,0.614,0,0.523,0
5390.88,8,0,0.798,0,0.117,0
832.75,22,24.13,0.693,0,0.345,0
2599.85,13,4.04,0.848,0,0.083,0
1568.77,21,7.41,0.912,0,0.24,0
474.71,17,16.59,0.84,0,0.411,0
1216.31,16,18.93,0.717,0,0.299,0
3039.83,15,5.4,0.422,0,0.199,0
3692.22,7,0,0.405,0,0.149,0
2452.1,12,20.16,0.831,0,0.309,0
953.27,1,2.44,0.759,0,0.318,0
4298.81,2,0,0.673,0,0.049,0
254.86,5,9.47,0.761,0,0.164,0
762.31,1,1.76,0.707,0,0.337,0
4126.38,21,12.97,0.767,0,0.33,0
1477.0,19,18.7,0.837,0,0.2,0
784.58,1,3.26,0.706,0,0.286,0
662.5,0,17.18,0.496,0,0.379,0
1615.59,6,0,0.806,0,0.563,0
8648.45,5,0,0.659,0,0.266,0
1273.29,4,0,0.972,0,0.371,0
1640.19,10,4.43,0.912,0,0.297,0
5334.67,4,0,0.942,1,0.367,1
250.0,11,17.08,0.884,0,0.33,0
868.05,13,7.01,0.671,0,0.186,0
2718.0,3,0,0.665,0,0.285,0
772.59,21,4.94,0.965,0,0.378,0
733.78,9,0,0.75,1,0.28,0
3661.96,21,20.53,0.738,0,0.359,0
1874.37,21,11.13,0.866,0,0.114,0
837.94,15,14.78,0.85,0,0.13,0
2836.97,0,11.74,0.676,0,0.288,0
4142.8,21,3.93,0.68,0,0.235,0
2731.14,16,46.72,0.754,0,0.373,0
6176.81,2,4.21,0.657,0,0.318,0
2083.06,1,0,0.937,0,0.233,0
5641.78,11,29.04,0.833,0,0.085,0
197.05,18,6.23,0.894,1,0.478,0
8769.97,1,0,0.751,0,0.073,0
186.36,9,8.09,0.785,0,0.274,0
1484.07,14,4.43,0.279,1,0.188,0
9685.36,11,0,0.786,0,0.086,0
3311.08,23,9.78,0.959,1,0.055,0
1379.22,22,20.54,0.659,1,0.235,0
515.32,19,19.55,0.639,0,0.116,0
685.12,17,11.55,0.592,1,0.458,0
773.94,15,0,0.821,0,0.176,0
7787.44,9,15.19,0.954,0,0.388,0
1692.89,0,0,0.712,0,0.219,0
131.96,8,4.5,0.881,0,0.247,0
1031.74,14,5.86,0.825,0,0.244,0
873.49,19,0,0.837,0,0.026,0
3382.55,8,40.44,0.727,0,0.253,0
12318.82,12,21.88,0.907,0,0.222,0
1026.62,6,0,0.538,0,0.455,0
415.05,2,11.14,0.894,0,0.569,0
22637.14,21,0,0.848,0,0.361,0
1021.75,20,49.7,0.81,0,0.11,0
6590.21,15,28.68,0.849,0,0.174,0
496.9,18,25.72,0.821,0,0.095,0
10382.3,3,3.78,0.85,0,0.342,0
1639.4,10,0,0.459,0,0.236,0
2048.98,16,30.36,0.936,1,0.273,1
2986.43,15,18.12,0.665,0,0.202,0
543.13,8,8.91,0.772,1,0.141,0
5403.3,20,0,0.785,0,0.258,0
401.62,20,48.21,0.893,0,0.291,0
659.24,21,18.08,0.604,0,0.279,0
2010.42,18,6.76,0.961,0,0.199,0
500.41,5,11.93,0.717,0,0.232,0
8723.11,7,11.78,0.925,0,0.277,0
21698.14,9,25.63,0.764,0,0.271,0
620.99,10,0,0.635,0,0.421,0
4098.26,15,16.89,0.722,0,0.358,0
1325.88,14,0,0.935,0,0.325,0
968.82,1,21.32,0.421,0,0.078,0
158.35,10,14.96,0.896,0,0.534,0
7184.64,1,10.43,0.789,0,0.613,1
1055.63,1,13.85,0.879,0,0.257,0
21755.62,20,4.27,0.919,0,0.399,0
398.4,16,14.55,0.859,0,0.393,0
1876.96,2,1.07,0.892,1,0.116,0
450.52,19,52.67,0.925,1,0.28,0
3137.28,14,0,0.827,0,0.235,0
1031.51,0,24.31,0.973,1,0.3,0
399.22,11,26.88,0.489,0,0.255,0
3185.93,22,0,0.807,0,0.158,0
3906.24,14,21.16,0.783,1,0.13,0
5280.86,0,23.55,0.803,0,0.106,0
2436.38,20,2.56,0.891,0,0.715,0
725.7,19,0,0.916,0,0.578,0
1123.81,10,0,0.881,0,0.189,0
10992.83,4,0,0.692,0,0.411,0
2307.69,17,0,0.816,0,0.219,0
1028.0,20,0,0.958,0,0.198,0
2112.62,18,17.33,0.81,0,0.239,0
502.14,21,27.65,0.831,0,0.142,0
6884.26,2,0,0.618,0,0.117,0
2507.58,9,10.29,0.985,0,0.244,0
1188.12,18,22.23,0.911,0,0.177,0
1695.57,20,8.44,0.643,1,0.551,0
3012.94,6,25.02,0.829,0,0.267,0
1596.19,13,2.64,0.702,1,0.5,0
4641.38,15,3.71,0.917,1,0.218,0
389.61,15,6.92,0.871,0,0.31,0
1410.09,9,25.42,0.815,0,0.177,0
1090.97,0,26.58,0.825,0,0.408,0
3843.16,6,38.44,0.853,0,0.317,0
756.95,9,10.87,0.798,0,0.787,0
7701.2,17,23.18,0.947,0,0.251,0
2324.42,17,32.8,0.668,0,0.415,0
2193.93,6,12.64,0.669,1,0.231,0
9472.56,19,12.6,0.971,0,0.208,0
908.25,9,9.35,0.613,0,0.212,0
1549.93,21,0,0.85,0,0.181,0
4275.45,14,7.75,0.764,0,0.439,0
3807.53,14,22.03,0.939,0,0.237,0
4107.66,17,31.3,0.893,0,0.304,0
13574.18,17,23.52,0.941,0,0.28,0
1773.1,1,29.07,0.734,0,0.312,0
702.14,1,0,0.748,0,0.023,0
1772.76,3,0,0.81,1,0.592,1
3826.8,9,0,0.812,0,0.286,0
1553.63,21,22.88,0.813,0,0.371,0
2256.53,21,16.27,0.667,0,0.225,0
3641.87,2,42.22,0.95,0,0.093,0
4723.69,17,39.63,0.835,0,0.115,0
321.84,6,0,0.844,0,0.166,0
8328.03,1,0,0.774,0,0.061,1
546.88,23,24.92,0.934,0,0.367,0
9432.59,14,32.75,0.867,1,0.583,1
2836.92,18,9.5,0.897,0,0.114,0
3714.42,14,18.07,0.955,0,0.195,0
2319.34,11,18.41,0.821,0,0.11,0
3373.75,9,12.31,0.458,0,0.54,0
7533.55,17,0,0.939,0,0.305,0
1917.69,7,0,0.651,1,0.299,0
2393.56,1,2.92,0.79,0,0.149,0
1836.21,7,19.06,0.767,0,0.363,0
9002.0,19,4.89,0.861,0,0.605,0
16073.07,5,0,0.953,0,0.216,0
1515.31,11,5.67,0.76,0,0.253,0
1652.41,7,0,0.735,0,0.15,0
1335.88,6,0,0.658,0,0.309,0
1342.15,12,10.41,0.856,0,0.454,0
1497.05,8,12.19,0.743,0,0.25,0
814.57,10,22.34,0.365,0,0.29,0
5672.73,2,13.42,0.511,0,0.318,0
553.3,2,24.77,0.735,0,0.476,0
829.16,0,26.71,0.531,0,0.355,0
912.81,17,0,0.941,0,0.118,0
640.4,23,0,0.778,0,0.411,0
318.54,4,19.35,0.821,0,0.695,0
11922.36,19,26.62,0.736,0,0.368,0
7226.68,9,21.89,0.827,0,0.476,0
1814.24,8,19.97,0.988,0,0.089,0
4530.05,0,0,0.678,0,0.532,0
3262.95,1,13.6,0.595,0,0.37,0
923.17,12,0.48,0.692,0,0.067,0
1925.27,16,26.65,0.656,0,0.412,0
1646.81,1,9.62,0.853,0,0.396,0
10429.46,8,7.1,0.797,1,0.149,0
1790.53,15,0,0.766,0,0.375,0
222.99,13,4.58,0.734,0,0.224,0
4221.63,12,22.16,0.681,1,0.474,0
6869.53,20,3.04,0.63,0,0.027,0
617.27,10,49.1,0.893,0,0.268,0
1449.79,13,4.67,0.816,0,0.328,0
1730.8,18,8.81,0.731,0,0.262,0
5584.41,7,0,0.973,0,0.565,0
8601.33,15,8.56,0.789,0,0.585,0
215.69,3,0,0.807,0,0.559,0
4750.39,6,0.56,0.799,0,0.135,0
3929.73,16,27.33,0.802,0,0.247,0
1030.18,22,0,0.969,0,0.207,0
3211.81,15,11.9,0.797,0,0.328,0
1188.6,2,0,0.88,0,0.658,1
4532.11,4,0,0.698,0,0.123,0
3914.38,16,2.57,0.642,0,0.138,0
3223.99,1,5.7,0.857,0,0.256,0
3059.27,19,0,0.629,0,0.245,0
574.92,7,19.73,0.805,0,0.109,0
3604.0,17,1.73,0.78,1,0.441,0
529.04,12,18.76,0.588,0,0.572,0
3493.16,3,10.35,0.759,0,0.233,0
965.2,6,18.66,0.667,0,0.414,0
1412.36,5,0.82,0.804,0,0.064,0
3654.22,17,0,0.896,0,0.31,0
2566.96,17,18.29,0.733,0,0.07,0
395.42,16,0,0.747,0,0.075,0
2674.99,16,3.94,0.894,0,0.399,0
338.4,7,0,0.551,0,0.241,0
692.1,21,0,0.546,0,0.203,0
3054.65,10,21.75,0.933,0,0.641,0
4009.66,21,7.76,0.455,0,0.117,0
2423.81,6,1.77,0.669,0,0.257,0
1573.49,15,0,0.902,0,0.266,0
748.65,3,0,0.833,0,0.386,0
886.94,19,0,0.902,1,0.444,0
3653.3,20,5.06,0.856,0,0.424,0
3336.48,9,0,0.59,0,0.296,0
728.04,19,15.32,0.892,0,0.113,0
3973.03,14,4.54,0.978,0,0.324,0
16700.57,21,19.33,0.795,0,0.602,0
821.31,13,15.53,0.912,0,0.081,0
5409.76,20,0,0.715,0,0.377,0
1235.18,3,18.37,0.804,0,0.258,0
2774.39,4,27.16,0.692,0,0.278,0
1901.4,2,0,0.57,0,0.114,0
2612.92,20,10.19,0.807,0,0.054,0
10073.79,17,3.76,0.541,0,0.224,0
453.75,11,0,0.694,0,0.334,0
556.86,4,0.95,0.781,0,0.224,0
574.93,12,19.22,0.82,0,0.11,0
1788.03,8,0,0.857,0,0.431,0
6517.57,3,4.12,0.952,0,0.334,0
953.89,1,5.37,0.794,0,0.225,0
911.13,19,0,0.75,0,0.221,0
1985.68,11,13.42,0.961,0,0.601,0
2179.99,22,0.92,0.841,0,0.487,0
3614.62,8,0.57,0.894,1,0.123,1
8899.34,8,19.73,0.715,0,0.348,0
1149.77,5,0,0.594,0,0.18,0
1248.5,8,12.94,0.724,0,0.119,0
1167.01,8,0,0.825,0,0.069,0
871.02,7,19.56,0.938,1,0.012,0
2226.89,13,0,0.911,0,0.317,0
7717.93,7,0,0.852,0,0.123,0
6288.49,21,10.84,0.687,0,0.408,0
2263.76,2,12.13,0.706,0,0.383,0
5941.44,9,0,0.84,0,0.104,0
1592.45,4,0,0.663,0,0.143,0
1768.31,2,0,0.797,0,0.414,0
1557.29,23,13.95,0.739,0,0.383,0
8135.86,23,12.9,0.777,1,0.137,0
770.17,14,20.69,0.994,1,0.378,0
2545.16,1,14.87,0.815,0,0.27,0
827.32,11,6.37,0.955,0,0.311,0
1057.44,5,0,0.706,1,0.044,0
7128.86,18,5.52,0.931,0,0.253,0
4512.57,22,3.34,0.824,0,0.118,0
1168.64,11,0,0.81,0,0.422,0
3000.62,19,2.19,0.663,0,0.144,0
992.34,20,7.09,0.913,0,0.101,0
443.83,13,9.25,0.876,0,0.067,0
2236.56,1,33.08,0.684,0,0.185,0
2346.48,14,27.02,0.789,0,0.818,0
1740.56,18,0,0.744,0,0.13,0
12034.59,10,6.65,0.698,0,0.647,0
1698.56,7,10.45,0.789,0,0.225,0
273.37,23,0,0.817,0,0.175,0
4024.73,8,16.46,0.603,0,0.205,0
2394.73,23,3.52,0.806,0,0.261,0
3037.91,5,1.13,0.883,0,0.134,0
339.09,16,0,0.891,0,0.515,0
9026.61,5,29.29,0.695,0,0.414,0
672.96,9,12.43,0.738,0,0.294,0
1956.58,4,2.1,0.504,0,0.295,0
4084.96,0,1.38,0.692,0,0.047,0
848.73,6,19.51,0.987,0,0.254,0
1332.47,20,0.63,0.86,0,0.287,0
3537.52,6,6.35,0.792,0,0.329,0
1303.45,23,6.32,0.731,0,0.678,0
3214.32,11,20.42,0.684,1,0.108,0
649.05,12,13.22,0.947,0,0.407,0
703.94,7,22.65,0.924,0,0.263,0
2926.26,16,1.16,0.554,0,0.29,0
1523.0,22,0,0.528,0,0.055,0
8570.3,9,15.57,0.779,0,0.166,0
690.49,20,18.61,0.942,0,0.091,0
1461.05,5,8.4,0.748,0,0.26,0
2067.24,4,36.83,0.698,0,0.51,0
334.83,16,10.39,0.82,1,0.185,0
8673.24,19,9.19,0.637,0,0.146,0
5975.06,10,18.43,0.913,1,0.135,0
107.4,22,0,0.651,0,0.308,0
1911.29,8,10.65,0.481,0,0.499,0
782.85,15,21.01,0.7,0,0.249,0
933.23,22,0,0.84,0,0.362,0
290.01,19,22.2,0.735,0,0.021,0
1871.72,16,0,0.831,0,0.112,0
458.77,13,29.6,0.574,0,0.127,0
527.14,3,27.09,0.928,0,0.416,0
2051.08,2,10.34,0.89,0,0.214,0
682.4,3,0,0.74,0,0.278,0
3781.01,14,9.56,0.461,0,0.144,0
5184.88,18,30.03,0.453,1,0.294,0
141.85,19,0,0.804,0,0.487,0
1663.54,9,1.9,0.768,0,0.561,0
84.31,9,15.51,0.664,0,0.23,0
1844.95,8,6.38,0.51,0,0.061,0
725.36,6,0,0.774,0,0.308,0
3664.64,5,2.08,0.829,0,0.12,0
1787.38,3,0,0.756,0,0.459,0
613.73,18,10.19,0.972,0,0.342,0
480.51,14,0,0.839,0,0.06,0
4550.55,21,3.7,0.5,0,0.125,0
6004.93,16,46.35,0.857,0,0.271,0
1320.59,17,17.15,0.814,1,0.524,0
4045.01,9,30.85,0.773,0,0.252,0
502.85,12,23.74,0.94,0,0.302,0
419.3,19,0,0.824,0,0.327,0
962.35,11,0,0.437,0,0.231,0
960.26,17,20.96,0.914,0,0.114,0
5953.24,6,0,0.561,1,0.35,0
5177.69,20,0,0.564,0,0.213,0
424.03,12,8.69,0.929,0,0.087,0
484.94,20,1.62,0.816,0,0.067,0
2914.25,15,4.95,0.675,0,0.073,0
7489.45,17,0,0.869,0,0.125,0
14128.78,12,0,0.548,0,0.439,0
1651.04,23,18.35,0.571,0,0.271,0
21849.83,8,20.29,0.837,0,0.359,0
698.81,16,26.68,0.846,1,0.416,0
297.1,11,51.29,0.906,1,0.524,0
2206.3,16,0,0.935,0,0.261,0
2537.42,4,4.66,0.945,0,0.233,0
2345.33,15,18.65,0.842,0,0.199,0
4296.47,17,0,0.902,1,0.322,0
3823.82,5,32.35,0.693,0,0.56,0
2308.25,5,22.42,0.89,0,0.278,0
5609.91,7,0,0.53,0,0.402,0
